Player,Team,S/C,Pos,DOB,Birth City,S/P,Ctry,Ntnlty,Ht,Wt,Draft Yr,Round,Overall,1st Season,HOF,GP,G,A,P
Justin Abdelkader,--,L,L,1987-02-25,Muskegon,MI,USA,USA,74,213,2005,2,42,20072008,N,71,23,21,44
Craig Adams,--,R,R,1977-04-26,Seria,--,BRN,CAN,72,200,1996,9,223,20002001,N,70,1,6,7
Jason Akeson,--,R,R,1990-06-03,Ottawa,ON,CAN,CAN,70,185,--,--,--,20122013,N,13,0,0,0
Bryan Allen,--,L,D,1980-08-21,Kingston,ON,CAN,CAN,77,223,1998,1,4,20002001,N,11,0,2,2
Karl Alzner,--,L,D,1988-09-24,Burnaby,BC,CAN,CAN,75,213,2007,1,5,20082009,N,82,5,16,21
Joakim Andersson,--,L,C,1989-02-05,Munkedal,--,SWE,SWE,74,211,2007,3,88,20112012,N,68,3,5,8
Andy Andreoff,--,L,C,1991-05-17,Pickering,ON,CAN,CAN,73,208,2011,3,80,20142015,N,18,2,1,3
Sven Andrighetto,--,L,R,1993-03-21,Zurich,--,CHE,CHE,70,188,2013,3,86,20142015,N,12,2,1,3
Artem Anisimov,--,L,C,1988-05-24,Yaroslavl,--,RUS,RUS,76,199,2006,2,54,20082009,N,52,7,20,27
Mark Arcobello,--,R,R,1988-08-12,Milford,CT,USA,USA,68,174,--,--,--,20122013,N,77,17,14,31
Cam Atkinson,PHI,R,R,1989-06-05,Riverside,CT,USA,USA,68,175,2008,6,157,20112012,N,78,22,18,40
Keith Aulie,--,L,D,1989-06-11,Rouleau,SK,CAN,CAN,78,222,2007,4,116,20102011,N,31,0,1,1
David Backes,--,R,R,1984-05-01,Minneapolis,MN,USA,USA,75,215,2003,2,62,20062007,N,80,26,32,58
Mikael Backlund,CGY,L,C,1989-03-17,Vasteras,--,SWE,SWE,72,206,2007,1,24,20082009,N,52,10,17,27
Nicklas Backstrom,WSH,L,C,1987-11-23,Gavle,--,SWE,SWE,73,202,2006,1,4,20072008,N,82,18,60,78
Sven Baertschi,--,L,L,1992-10-05,Bern,--,CHE,CHE,71,190,2011,1,13,20112012,N,18,2,4,6
Josh Bailey,--,L,R,1989-10-02,Bowmanville,ON,CAN,CAN,73,200,2008,1,9,20082009,N,70,15,26,41
Keith Ballard,--,L,D,1982-11-26,Baudette,MN,USA,USA,71,204,2002,1,11,20052006,N,14,0,1,1
Mark Barberio,--,L,D,1990-03-23,Montréal,QC,CAN,CAN,73,200,2008,6,152,20122013,N,52,1,6,7
Aleksander Barkov,FLA,L,C,1995-09-02,Tampere,--,FIN,FIN,75,215,2013,1,2,20132014,N,71,16,20,36
Tyson Barrie,NSH,R,D,1991-07-26,Victoria,BC,CAN,CAN,71,197,2009,3,64,20112012,N,80,12,41,53
Matt Bartkowski,--,L,D,1988-06-04,Pittsburgh,PA,USA,USA,73,201,2008,7,190,20102011,N,47,0,4,4
Victor Bartley,--,L,D,1988-02-17,Ottawa,ON,CAN,CAN,72,217,--,--,--,20122013,N,37,0,10,10
Jay Beagle,--,R,C,1985-10-16,Calgary,AB,CAN,CAN,75,210,--,--,--,20082009,N,62,10,10,20
Francois Beauchemin,--,L,D,1980-06-04,Sorel,QC,CAN,CAN,71,208,1998,3,75,20022003,N,64,11,12,23
Nathan Beaulieu,--,L,D,1992-12-05,Strathroy,ON,CAN,CAN,74,200,2011,1,17,20122013,N,64,1,8,9
Taylor Beck,--,R,L,1991-05-13,St. Catharines,ON,CAN,CAN,74,203,2009,3,70,20122013,N,62,8,8,16
Matt Beleskey,--,L,L,1988-06-07,Windsor,ON,CAN,CAN,72,207,2006,4,112,20082009,N,65,22,10,32
Pierre-Edouard Bellemare,SEA,L,L,1985-03-06,Le Blanc-Mesnil,--,FRA,FRA,71,198,--,--,--,20142015,N,81,6,6,12
Brett Bellemore,--,R,D,1988-06-25,Windsor,ON,CAN,CAN,76,225,2007,6,162,20122013,N,49,2,8,10
Jamie Benn,DAL,L,L,1989-07-18,Victoria,BC,CAN,CAN,74,205,2007,5,129,20092010,N,82,35,52,87
Jordie Benn,--,L,D,1987-07-26,Victoria,BC,CAN,CAN,74,201,--,--,--,20112012,N,73,2,14,16
Beau Bennett,--,R,R,1991-11-27,Gardena,CA,USA,USA,74,195,2010,1,20,20122013,N,49,4,8,12
Andre Benoit,--,L,D,1984-01-06,St. Albert,ON,CAN,CAN,71,190,--,--,--,20102011,N,59,1,8,9
Sean Bergenheim,--,L,L,1984-02-08,Helsinki,--,FIN,FIN,71,201,2002,1,22,20032004,N,56,9,10,19
Patrice Bergeron,--,R,C,1985-07-24,L'Ancienne-Lorette,QC,CAN,CAN,73,196,2003,2,45,20032004,N,81,23,32,55
Patrik Berglund,--,L,C,1988-06-02,Västerås,--,SWE,SWE,76,215,2006,1,25,20082009,N,77,12,15,27
Steve Bernier,--,R,R,1985-03-31,Quebec City,QC,CAN,CAN,75,225,2003,1,16,20052006,N,67,16,16,32
Bryan Bickell,--,L,L,1986-03-09,Bowmanville,ON,CAN,CAN,76,223,2004,2,41,20062007,N,80,14,14,28
Danny Biega,--,R,D,1991-09-29,Montréal,QC,CAN,CAN,72,205,2010,3,67,20142015,N,10,0,2,2
Kevin Bieksa,--,R,D,1981-06-16,Grimsby,ON,CAN,CAN,73,197,2001,5,151,20052006,N,60,4,10,14
Nick Bjugstad,ARI,R,C,1992-07-17,Minneapolis,MN,USA,USA,78,209,2010,1,19,20122013,N,72,24,19,43
Mikkel Boedker,--,L,L,1989-12-16,Brondby,--,DNK,DNK,71,207,2008,1,8,20082009,N,45,14,14,28
Zach Bogosian,MIN,R,D,1990-07-15,Massena,NY,USA,USA,75,231,2008,1,3,20082009,N,62,3,17,20
Jared Boll,--,R,R,1986-05-13,Charlotte,NC,USA,USA,75,206,2005,4,101,20072008,N,72,1,4,5
Dave Bolland,--,R,C,1986-06-05,Mimico,ON,CAN,CAN,72,184,2004,2,32,20062007,N,53,6,17,23
Brandon Bollig,--,L,L,1987-01-31,St. Charles,MO,USA,USA,74,220,--,--,--,20112012,N,62,1,4,5
Nick Bonino,--,L,C,1988-04-20,Hartford,CT,USA,USA,73,198,2007,6,173,20092010,N,75,15,24,39
David Booth,--,L,L,1984-11-24,Detroit,MI,USA,USA,72,212,2004,2,53,20062007,N,59,7,6,13
Mark Borowiecki,--,L,D,1989-07-12,Ottawa,ON,CAN,CAN,74,204,2008,5,139,20112012,N,63,1,10,11
Robert Bortuzzo,NYI,R,D,1989-03-18,Thunder Bay,ON,CAN,CAN,76,216,2007,3,78,20112012,N,51,3,5,8
Reid Boucher,--,L,C,1993-09-08,Lansing,MI,USA,USA,70,195,2011,4,99,20132014,N,11,1,0,1
Eric Boulton,--,L,L,1976-08-17,Halifax,NS,CAN,CAN,72,227,1994,9,234,20002001,N,10,2,0,2
Lance Bouma,--,L,L,1990-03-25,Provost,AB,CAN,CAN,74,208,2008,3,78,20102011,N,78,16,18,34
Michael Bournival,--,L,L,1992-05-31,Shawinigan,QC,CAN,CAN,71,198,2010,3,71,20132014,N,29,3,2,5
Gabriel Bourque,--,L,L,1990-09-23,Rimouski,QC,CAN,CAN,70,206,2009,5,132,20112012,N,69,3,10,13
Rene Bourque,--,L,R,1981-12-10,Lac La Biche,AB,CAN,CAN,74,217,--,--,--,20052006,N,51,6,8,14
Jay Bouwmeester,--,L,D,1983-09-27,Edmonton,AB,CAN,CAN,76,206,2002,1,3,20022003,N,72,2,11,13
Johnny Boychuk,--,R,D,1984-01-19,Edmonton,AB,CAN,CAN,74,227,2002,2,61,20072008,N,72,9,26,35
Zach Boychuk,--,L,L,1989-10-04,Airdrie,AB,CAN,CAN,70,185,2008,1,14,20082009,N,31,3,3,6
Brad Boyes,--,R,R,1982-04-17,Mississauga,ON,CAN,CAN,72,199,2000,1,24,20032004,N,78,14,24,38
Brian Boyle,--,L,C,1984-12-18,Hingham,MA,USA,USA,78,245,2003,1,26,20072008,N,82,15,9,24
Dan Boyle,--,R,D,1976-07-12,Ottawa,ON,CAN,CAN,71,194,--,--,--,19981999,N,65,9,11,20
Tyler Bozak,--,R,C,1986-03-19,Regina,SK,CAN,CAN,73,187,--,--,--,20092010,N,82,23,26,49
Derick Brassard,--,L,C,1987-09-22,Hull,QC,CAN,CAN,73,200,2006,1,6,20072008,N,80,19,41,60
Justin Braun,--,R,D,1987-02-10,Minneapolis,MN,USA,USA,74,205,2007,7,201,20102011,N,70,1,22,23
Eric Brewer,--,L,D,1979-04-17,Vernon,BC,CAN,CAN,76,216,1997,1,5,19981999,N,44,3,8,11
Daniel Brière,--,R,C,1977-10-06,Gatineau,QC,CAN,CAN,69,174,1996,1,24,19971998,N,57,8,4,12
TJ Brodie,TOR,L,D,1990-06-07,Chatham,ON,CAN,CAN,74,187,2008,4,114,20102011,N,81,11,30,41
Jonas Brodin,MIN,L,D,1993-07-12,Karlstad,--,SWE,SWE,74,196,2011,1,10,20122013,N,71,3,14,17
Kyle Brodziak,--,R,C,1984-05-25,St. Paul,AB,CAN,CAN,74,205,2003,7,214,20052006,N,73,9,11,20
Troy Brouwer,--,R,R,1985-08-17,Vancouver,BC,CAN,CAN,75,213,2004,7,214,20062007,N,82,21,22,43
Dustin Brown,--,R,R,1984-11-04,Ithaca,NY,USA,USA,72,205,2003,1,13,20032004,N,82,11,16,27
JT Brown,--,R,R,1990-07-02,Burnsville,MN,USA,USA,70,182,--,--,--,20112012,N,52,3,6,9
Mike Brown,--,R,R,1985-06-24,Chicago,IL,USA,USA,71,205,2004,5,159,20072008,N,12,0,0,0
Damien Brunner,--,R,R,1986-03-09,Zurich,--,CHE,CHE,71,185,--,--,--,20122013,N,17,2,5,7
Andre Burakovsky,SEA,L,L,1995-02-09,Klagenfurt,--,AUT,SWE,75,209,2013,1,23,20142015,N,53,9,13,22
Adam Burish,--,R,R,1983-01-06,Madison,WI,USA,USA,73,195,2002,9,282,20062007,N,20,1,2,3
Brent Burns,CAR,R,D,1985-03-09,Barrie,ON,CAN,CAN,77,230,2003,1,20,20032004,N,82,17,43,60
Alexandre Burrows,--,L,R,1981-04-11,Pincourt,QC,CAN,CAN,73,197,--,--,--,20052006,N,70,18,15,33
Chris Butler,--,L,D,1986-10-27,St. Louis,MO,USA,USA,73,196,2005,4,96,20082009,N,33,3,6,9
Dustin Byfuglien,--,R,D,1985-03-27,Roseau,MN,USA,USA,77,260,2003,8,245,20052006,N,69,18,27,45
Paul Byron,--,L,L,1989-04-27,Ottawa,ON,CAN,CAN,69,164,2007,6,179,20102011,N,57,6,13,19
Ryan Callahan,--,R,R,1985-03-21,Rochester,NY,USA,USA,70,187,2004,4,127,20062007,N,77,24,30,54
Matt Calvert,--,L,L,1989-12-24,Brandon,MB,CAN,CAN,71,186,2008,5,127,20102011,N,56,13,10,23
Michael Cammalleri,--,L,L,1982-06-08,Toronto,ON,CAN,CAN,69,185,2001,2,49,20022003,N,68,27,15,42
Andrew Campbell,--,L,D,1988-02-04,Caledonia,ON,CAN,CAN,76,205,2008,3,74,20132014,N,33,0,1,1
Brian Campbell,--,L,D,1979-05-23,Strathroy,ON,CAN,CAN,70,192,1997,6,156,19992000,N,82,3,24,27
Gregory Campbell,--,L,C,1983-12-17,London,ON,CAN,CAN,72,188,2002,3,67,20032004,N,70,6,6,12
Daniel Carcillo,--,L,L,1985-01-28,King City,ON,CAN,CAN,72,200,2003,3,73,20062007,N,39,4,4,8
Paul Carey,--,L,C,1988-09-24,Boston,MA,USA,USA,73,196,2007,5,135,20132014,N,10,0,1,1
Matt Carle,--,L,D,1984-09-25,Anchorage,AK,USA,USA,72,197,2003,2,47,20052006,N,59,4,14,18
John Carlson,WSH,R,D,1990-01-10,Natick,MA,USA,USA,75,215,2008,1,27,20092010,N,82,12,43,55
Jordan Caron,--,L,R,1990-11-02,Sayabec,QC,CAN,CAN,75,204,2009,1,25,20102011,N,30,0,0,0
Sam Carrick,EDM,R,C,1992-02-04,Markham,ON,CAN,CAN,72,200,2010,5,144,20142015,N,16,1,1,2
Jeff Carter,PIT,R,C,1985-01-01,London,ON,CAN,CAN,75,219,2003,1,11,20052006,N,82,28,34,62
Ryan Carter,--,L,L,1983-08-03,White Bear Lake,MN,USA,USA,73,205,--,--,--,20072008,N,53,3,10,13
Cody Ceci,EDM,R,D,1993-12-21,Ottawa,ON,CAN,CAN,75,210,2012,1,15,20132014,N,81,5,16,21
Michael Chaput,--,L,C,1992-04-09,Ile Bizard,QC,CAN,CAN,74,199,2010,3,89,20132014,N,33,1,4,5
Zdeno Chara,--,L,D,1977-03-18,Trencin,--,SVK,SVK,81,250,1996,3,56,19971998,N,63,8,12,20
Ben Chiarot,DET,L,D,1991-05-09,Hamilton,ON,CAN,CAN,75,224,2009,4,120,20132014,N,40,2,6,8
Alex Chiasson,--,R,R,1990-10-01,Montréal,QC,CAN,CAN,76,208,2009,2,38,20122013,N,76,11,15,26
Jason Chimera,--,L,L,1979-05-02,Edmonton,AB,CAN,CAN,75,215,1997,5,121,20002001,N,77,7,12,19
Kyle Chipchura,--,L,C,1986-02-19,Westlock,AB,CAN,CAN,74,203,2004,1,18,20072008,N,70,4,10,14
Casey Cizikas,NYI,L,C,1991-02-27,Toronto,ON,CAN,CAN,71,194,2009,4,92,20112012,N,70,9,9,18
David Clarkson,--,R,R,1984-03-31,Toronto,ON,CAN,CAN,72,207,--,--,--,20062007,N,61,10,5,15
Daniel Cleary,--,L,R,1978-12-18,Carbonear,NL,CAN,CAN,73,205,1997,1,13,19971998,N,17,1,1,2
Adam Clendening,--,R,D,1992-10-26,Niagara Falls,NY,USA,USA,72,194,2011,2,36,20142015,N,21,1,3,4
Marc-Andre Cliche,--,R,C,1987-03-23,Rouyn-Noranda,QC,CAN,CAN,72,202,2005,2,56,20092010,N,74,2,5,7
Kyle Clifford,TOR,L,L,1991-01-13,Ayr,ON,CAN,CAN,74,218,2009,2,35,20102011,N,80,6,9,15
Grant Clitsome,--,L,D,1985-04-14,Gloucester,ON,CAN,CAN,71,211,2004,9,271,20092010,N,24,0,4,4
Ryane Clowe,--,L,L,1982-09-30,St. John's,NL,CAN,CAN,75,225,2001,6,175,20052006,N,13,1,3,4
Cal Clutterbuck,NYI,R,R,1987-11-18,Welland,ON,CAN,CAN,71,215,2006,3,72,20072008,N,76,7,9,16
Braydon Coburn,--,L,D,1985-02-27,Shaunavon,SK,CAN,CAN,77,224,2003,1,8,20052006,N,43,1,10,11
Andrew Cogliano,COL,L,C,1987-06-14,Toronto,ON,CAN,CAN,70,179,2005,1,25,20072008,N,82,15,14,29
Carlo Colaiacovo,--,L,D,1983-01-27,Toronto,ON,CAN,CAN,73,202,2001,1,17,20022003,N,33,2,6,8
Joe Colborne,--,L,C,1990-01-30,Calgary,AB,CAN,CAN,77,221,2008,1,16,20102011,N,64,8,20,28
Erik Cole,--,L,L,1978-11-06,Oswego,NY,USA,USA,74,205,1998,3,71,20012002,N,68,21,18,39
Ian Cole,VAN,L,D,1989-02-21,Ann Arbor,MI,USA,USA,73,225,2007,1,18,20102011,N,74,5,12,17
Blake Comeau,--,R,L,1986-02-18,Meadow Lake,SK,CAN,CAN,73,200,2004,2,47,20062007,N,61,16,15,31
Cory Conacher,--,L,C,1989-12-14,Burlington,ON,CAN,CAN,68,185,--,--,--,20122013,N,15,1,2,3
Erik Condra,--,R,R,1986-08-06,Trenton,MI,USA,USA,71,185,2006,7,211,20102011,N,68,9,14,23
Kevin Connauton,LAK,L,D,1990-02-23,Edmonton,AB,CAN,CAN,74,205,2009,3,83,20132014,N,62,9,12,21
Brett Connolly,--,R,R,1992-05-02,Campbell River,BC,CAN,CAN,75,198,2010,1,6,20112012,N,55,12,5,17
Matt Cooke,--,L,L,1978-09-07,Belleville,ON,CAN,CAN,71,216,1997,6,144,19981999,N,29,4,6,10
Frank Corrado,--,R,D,1993-03-26,Toronto,ON,CAN,CAN,72,205,2011,5,150,20122013,N,10,1,0,1
Nick Cousins,FLA,L,C,1993-07-20,Belleville,ON,CAN,CAN,71,186,2011,3,68,20142015,N,11,0,0,0
Logan Couture,SJS,L,C,1989-03-28,Guelph,ON,CAN,CAN,73,206,2007,1,9,20092010,N,82,27,40,67
Sean Couturier,PHI,L,C,1992-12-07,Phoenix,AZ,USA,CAN,76,210,2011,1,8,20112012,N,82,15,22,37
Jared Cowen,--,L,D,1991-01-25,Saskatoon,SK,CAN,CAN,77,238,2009,1,9,20092010,N,54,3,6,9
Charlie Coyle,BOS,R,C,1992-03-02,East Weymouth,MA,USA,USA,75,218,2010,1,28,20122013,N,82,11,24,35
Adam Cracknell,--,R,R,1985-07-15,Prince Albert,SK,CAN,CAN,75,209,2004,9,279,20102011,N,17,0,1,1
B.J. Crombeen,--,R,R,1985-07-10,Denver,CO,USA,USA,74,209,2003,2,54,20072008,N,58,3,3,6
Sidney Crosby,PIT,L,C,1987-08-07,Cole Harbour,NS,CAN,CAN,71,200,2005,1,1,20052006,N,77,28,56,84
Matt Cullen,--,L,C,1976-11-02,Virginia,MN,USA,USA,73,202,1996,2,35,19971998,N,62,7,18,25
Craig Cunningham,--,R,L,1990-09-13,Trail,BC,CAN,CAN,70,184,2010,4,97,20132014,N,51,3,4,7
Klas Dahlbeck,--,L,D,1991-07-06,Katrineholm,--,SWE,SWE,75,207,2011,3,79,20142015,N,23,1,3,4
Trevor Daley,--,L,D,1983-10-09,Toronto,ON,CAN,CAN,71,199,2002,2,43,20032004,N,68,16,22,38
Zac Dalpe,FLA,R,C,1989-11-01,Paris,ON,CAN,CAN,74,193,2008,2,45,20102011,N,21,1,2,3
Marko Dano,--,L,C,1994-11-30,Eisenstadt,--,AUT,SVK,71,201,2013,1,27,20142015,N,35,8,13,21
Pavel Datsyuk,--,L,C,1978-07-20,Sverdlovsk,--,RUS,RUS,71,194,1998,6,171,20012002,N,63,26,39,65
Brandon Davidson,--,L,D,1991-08-21,Taber,AB,CAN,CAN,74,204,2010,6,162,20142015,N,12,1,0,1
Calvin de Haan,TBL,L,D,1991-05-09,Carp,ON,CAN,CAN,73,192,2009,1,12,20112012,N,65,1,11,12
Jacob de la Rose,--,L,L,1995-05-20,Arvika,--,SWE,SWE,75,215,2013,2,34,20142015,N,33,4,2,6
Danny DeKeyser,--,L,D,1990-03-07,Detroit,MI,USA,USA,75,183,--,--,--,20122013,N,80,2,29,31
Michael Del Zotto,--,L,D,1990-06-24,Stouffville,ON,CAN,CAN,72,195,2008,1,20,20092010,N,64,10,22,32
Jason Demers,--,R,D,1988-06-09,Dorval,QC,CAN,CAN,73,195,2008,7,186,20092010,N,81,5,20,25
David Desharnais,--,L,C,1986-09-14,Laurier-Station,QC,CAN,CAN,67,180,--,--,--,20092010,N,82,14,34,48
Andrew Desjardins,--,L,L,1986-07-27,Lively,ON,CAN,CAN,73,195,--,--,--,20102011,N,69,5,5,10
Nicolas Deslauriers,PHI,L,L,1991-02-22,LaSalle,QC,CAN,CAN,73,218,2009,3,84,20132014,N,82,5,10,15
Simon Despres,--,L,D,1991-07-27,Laval,QC,CAN,CAN,76,218,2009,1,30,20112012,N,75,3,20,23
Raphael Diaz,--,R,D,1986-01-09,Baar,--,CHE,CHE,71,197,--,--,--,20112012,N,56,2,2,4
Brenden Dillon,WPG,L,D,1990-11-13,New Westminster,BC,CAN,CAN,76,225,--,--,--,20112012,N,80,2,8,10
Shane Doan,--,R,R,1976-10-10,Halkirk,AB,CAN,CAN,73,223,1995,1,7,19951996,N,79,14,22,36
Matt Donovan,--,L,D,1990-05-09,Edmond,OK,USA,USA,73,205,2008,4,96,20112012,N,12,0,3,3
Derek Dorsett,--,R,R,1986-12-20,Kindersley,SK,CAN,CAN,72,192,2006,7,189,20082009,N,79,7,18,25
Drew Doughty,LAK,R,D,1989-12-08,London,ON,CAN,CAN,73,210,2008,1,2,20082009,N,82,7,39,46
Steve Downie,--,R,R,1987-04-03,Newmarket,ON,CAN,CAN,71,191,2005,1,29,20072008,N,72,14,14,28
Leon Draisaitl,EDM,L,C,1995-10-27,Cologne,--,DEU,DEU,74,209,2014,1,3,20142015,N,37,2,7,9
Jonathan Drouin,COL,L,L,1995-03-28,Ste-Agathe,QC,CAN,CAN,71,198,2013,1,3,20142015,N,70,4,28,32
Brandon Dubinsky,--,L,C,1986-04-29,Anchorage,AK,USA,USA,74,208,2004,2,60,20062007,N,47,13,23,36
Matt Duchene,DAL,L,C,1991-01-16,Haliburton,ON,CAN,CAN,73,210,2009,1,3,20092010,N,82,21,34,55
Anthony Duclair,TBL,L,L,1995-08-26,Pointe-Claire,QC,CAN,CAN,71,197,2013,3,80,20142015,N,18,1,6,7
Mathew Dumba,TBL,R,D,1994-07-25,Regina,SK,CAN,CAN,72,181,2012,1,7,20132014,N,58,8,8,16
Pascal Dupuis,--,L,R,1979-04-07,Laval,QC,CAN,CAN,73,205,--,--,--,20002001,N,16,6,5,11
Patrick Dwyer,--,R,R,1983-06-22,Spokane,WA,USA,USA,71,175,2002,4,116,20082009,N,71,5,7,12
Cody Eakin,--,L,C,1991-05-24,Winnipeg,MB,CAN,CAN,72,196,2009,3,85,20112012,N,78,19,21,40
Patrick Eaves,--,R,R,1984-05-01,Calgary,AB,CAN,USA,71,203,2003,1,29,20052006,N,47,14,13,27
Andrew Ebbett,--,L,C,1983-01-02,Vernon,BC,CAN,CAN,69,174,--,--,--,20072008,N,24,1,5,6
Jordan Eberle,SEA,R,R,1990-05-15,Regina,SK,CAN,CAN,71,190,2008,1,22,20102011,N,81,24,39,63
Alexander Edler,--,L,D,1986-04-21,Ostersund,--,SWE,SWE,76,210,2004,3,91,20062007,N,74,8,23,31
Christian Ehrhoff,--,L,D,1982-07-06,Moers,--,DEU,DEU,74,201,2001,4,106,20032004,N,49,3,11,14
Aaron Ekblad,FLA,R,D,1996-02-07,Windsor,ON,CAN,CAN,76,215,2014,1,1,20142015,N,81,12,27,39
Mattias Ekholm,EDM,L,D,1990-05-24,Borlange,--,SWE,SWE,77,225,2009,4,102,20112012,N,80,7,11,18
Oliver Ekman-Larsson,FLA,L,D,1991-07-17,Karlskrona,--,SWE,SWE,74,191,2009,1,6,20102011,N,82,23,20,43
Patrik Elias,--,L,C,1976-04-13,Trebic,--,CZE,CZE,73,190,1994,2,51,19951996,N,69,13,21,34
Lars Eller,PIT,L,C,1989-05-08,Rodovre,--,DNK,DNK,74,205,2007,1,13,20092010,N,77,15,12,27
Matt Ellis,--,L,L,1981-08-31,Welland,ON,CAN,CAN,72,208,--,--,--,20062007,N,39,1,1,2
Ryan Ellis,PHI,R,D,1991-01-03,Hamilton,ON,CAN,CAN,70,180,2009,1,11,20112012,N,58,9,18,27
Alexei Emelin,--,L,D,1986-04-25,Togliatti,--,RUS,RUS,74,218,2004,3,84,20112012,N,68,3,11,14
Deryk Engelland,--,R,D,1982-04-03,Edmonton,AB,CAN,CAN,74,212,2000,6,194,20092010,N,76,2,9,11
Tyler Ennis,--,L,R,1989-10-06,Edmonton,AB,CAN,CAN,69,160,2008,1,26,20092010,N,78,20,26,46
Toby Enstrom,--,L,D,1984-11-05,Nordingra,--,SWE,SWE,70,180,2003,8,239,20072008,N,60,4,19,23
Martin Erat,--,L,R,1981-08-29,Trebic,--,CZE,CZE,72,196,1999,7,191,20012002,N,79,9,23,32
Jonathan Ericsson,--,L,D,1984-03-02,Karlskrona,--,SWE,SWE,76,218,2002,9,291,20072008,N,82,3,12,15
Loui Eriksson,--,L,L,1985-07-17,Gothenburg,--,SWE,SWE,74,179,2003,2,33,20062007,N,81,22,25,47
Tim Erixon,--,L,D,1991-02-24,Port Chester,NY,USA,SWE,74,200,2009,1,23,20112012,N,42,2,5,7
Emerson Etem,--,L,R,1992-06-16,Long Beach,CA,USA,USA,73,212,2010,1,29,20122013,N,45,5,5,10
Dennis Everberg,--,L,R,1991-12-31,Vasteras,--,SWE,SWE,76,205,--,--,--,20142015,N,55,3,9,12
Justin Falk,--,L,D,1988-10-11,Snowflake,MB,CAN,CAN,77,223,2007,4,110,20092010,N,18,1,1,2
Bobby Farnham,--,L,R,1989-01-21,North Andover,MA,USA,USA,70,190,--,--,--,20142015,N,11,0,0,0
Jesper Fast,CAR,R,R,1991-12-02,Nassjo,--,SWE,SWE,73,191,2010,6,157,20132014,N,58,6,8,14
Justin Faulk,STL,R,D,1992-03-20,South St. Paul,MN,USA,USA,72,214,2010,2,37,20112012,N,82,15,34,49
Mark Fayne,--,R,D,1987-05-15,Nashua,NH,USA,USA,75,209,2005,5,155,20102011,N,74,2,6,8
Eric Fehr,--,R,C,1985-09-07,Winkler,MB,CAN,CAN,76,209,2003,1,18,20052006,N,75,19,14,33
Andrew Ference,--,L,D,1979-03-17,Edmonton,AB,CAN,CAN,71,182,1997,8,208,19992000,N,70,3,11,14
Micheal Ferland,--,L,L,1992-04-20,Swan River,MB,CAN,CAN,73,217,2010,5,133,20142015,N,26,2,3,5
Vernon Fiddler,--,L,C,1980-05-09,Edmonton,AB,CAN,CAN,71,205,--,--,--,20022003,N,80,13,16,29
Valtteri Filppula,--,L,C,1984-03-20,Vantaa,--,FIN,FIN,72,189,2002,3,95,20052006,N,82,12,36,48
Mike Fisher,--,R,C,1980-06-05,Peterborough,ON,CAN,CAN,73,216,1998,2,44,19992000,N,59,19,20,39
Tomas Fleischmann,--,L,L,1984-05-16,Koprivnice,--,CZE,CZE,73,192,2002,2,63,20052006,N,66,8,19,27
Brian Flynn,--,R,C,1988-07-26,Lynnfield,MA,USA,USA,73,185,--,--,--,20122013,N,63,5,12,17
Marcus Foligno,MIN,L,L,1991-08-10,Buffalo,NY,USA,CAN,75,226,2009,4,104,20112012,N,57,8,12,20
Nick Foligno,CHI,L,L,1987-10-31,Buffalo,NY,USA,USA,72,210,2006,1,28,20072008,N,79,31,42,73
Christian Folin,--,R,D,1991-02-09,Gothenburg,--,SWE,SWE,76,204,--,--,--,20132014,N,40,2,8,10
Justin Fontaine,--,R,R,1987-11-06,Bonnyville,AB,CAN,CAN,70,174,--,--,--,20132014,N,71,9,22,31
Filip Forsberg,NSH,R,L,1994-08-13,Ostervala,--,SWE,SWE,73,205,2012,1,11,20122013,N,82,26,37,63
Cam Fowler,ANA,L,D,1991-12-05,Windsor,ON,CAN,USA,74,215,2010,1,12,20102011,N,80,7,27,34
Cody Franson,--,R,D,1987-08-08,Sicamous,BC,CAN,CAN,77,224,2005,3,79,20092010,N,78,7,29,36
Johan Franzen,--,L,R,1979-12-23,Vetlanda,--,SWE,SWE,76,232,2004,3,97,20052006,N,33,7,15,22
Mark Fraser,--,L,D,1986-09-29,Ottawa,ON,CAN,CAN,76,220,2005,3,84,20062007,N,34,0,4,4
Matt Fraser,--,L,R,1990-05-20,Red Deer,AB,CAN,CAN,75,206,--,--,--,20112012,N,60,8,4,12
Michael Frolik,--,L,R,1988-02-17,Kladno,--,CZE,CZE,73,186,2006,1,10,20082009,N,82,19,23,42
Marian Gaborik,--,L,R,1982-02-14,Trencin,--,SVK,SVK,73,200,2000,1,3,20002001,N,69,27,20,47
Simon Gagne,--,L,L,1980-02-29,Ste. Foy,QC,CAN,CAN,73,195,1998,1,22,19992000,N,23,3,1,4
Sam Gagner,EDM,R,C,1989-08-10,London,ON,CAN,CAN,71,200,2007,1,6,20072008,N,81,15,26,41
Alex Galchenyuk,--,L,C,1994-02-12,Milwaukee,WI,USA,USA,73,194,2012,1,3,20122013,N,80,20,26,46
TJ Galiardi,--,L,L,1988-04-22,Calgary,AB,CAN,CAN,74,185,2007,2,55,20082009,N,38,1,0,1
Brendan Gallagher,MTL,R,R,1992-05-06,Edmonton,AB,CAN,CAN,69,183,2010,5,147,20122013,N,82,24,23,47
Ryan Garbutt,--,L,C,1985-08-12,Edmonton,AB,CAN,CAN,72,195,--,--,--,20112012,N,67,8,17,25
Jake Gardiner,--,L,D,1990-07-04,Minnetonka,MN,USA,USA,74,203,2008,1,17,20112012,N,79,4,20,24
Jason Garrison,--,L,D,1984-11-13,White Rock,BC,CAN,CAN,73,218,--,--,--,20082009,N,70,4,26,30
Johnny Gaudreau,CBJ,L,L,1993-08-13,Salem,NJ,USA,USA,69,163,2011,4,104,20132014,N,80,24,40,64
Paul Gaustad,--,L,C,1982-02-03,Fargo,ND,USA,USA,77,227,2000,7,220,20022003,N,73,4,10,14
Luke Gazdic,--,L,L,1989-07-25,Toronto,ON,CAN,CAN,76,225,2007,6,172,20132014,N,40,2,1,3
Eric Gelinas,--,L,D,1991-05-08,Vanier,ON,CAN,CAN,76,215,2009,2,54,20122013,N,61,6,13,19
Nathan Gerbe,--,L,C,1987-07-24,Oxford,MI,USA,USA,64,176,2005,5,142,20082009,N,78,10,18,28
Ryan Getzlaf,--,R,C,1985-05-10,Regina,SK,CAN,CAN,76,220,2003,1,19,20052006,N,77,25,45,70
Brian Gibbons,--,L,C,1988-02-26,Braintree,MA,USA,USA,68,175,--,--,--,20132014,N,25,0,5,5
Tom Gilbert,--,R,D,1983-01-10,Bloomington,MN,USA,USA,74,210,2002,4,129,20062007,N,72,4,8,12
Brian Gionta,--,R,R,1979-01-18,Rochester,NY,USA,USA,67,178,1998,3,82,20012002,N,69,13,22,35
Stephen Gionta,--,R,C,1983-10-09,Rochester,NY,USA,USA,67,177,--,--,--,20102011,N,61,5,8,13
Mark Giordano,TOR,L,D,1983-10-03,Toronto,ON,CAN,CAN,72,202,--,--,--,20052006,N,61,11,37,48
Dan Girardi,--,R,D,1984-04-29,Welland,ON,CAN,CAN,73,212,--,--,--,20062007,N,82,4,16,20
Zemgus Girgensons,BUF,L,L,1994-01-05,Riga,--,LVA,LVA,74,200,2012,1,14,20132014,N,61,15,15,30
Claude Giroux,OTT,R,R,1988-01-12,Hearst,ON,CAN,CAN,71,188,2006,1,22,20072008,N,81,25,48,73
Tanner Glass,--,L,L,1983-11-29,Regina,SK,CAN,CAN,73,213,2003,9,265,20072008,N,66,1,5,6
Tim Gleason,--,L,D,1983-01-29,Clawson,MI,USA,USA,72,217,2001,1,23,20032004,N,72,1,8,9
Curtis Glencross,--,L,L,1982-12-28,Kindersley,SK,CAN,CAN,73,197,--,--,--,20062007,N,71,13,22,35
Luke Glendening,TBL,R,C,1989-04-28,Grand Rapids,MI,USA,USA,70,190,--,--,--,20132014,N,82,12,6,18
Marcel Goc,--,L,C,1983-08-24,Calw,--,DEU,DEU,73,197,2001,1,20,20052006,N,74,3,6,9
Alex Goligoski,MIN,L,D,1985-07-30,Grand Rapids,MN,USA,USA,71,173,2004,2,61,20072008,N,81,4,32,36
Cody Goloubef,--,R,D,1989-11-30,Mississauga,ON,CAN,CAN,73,190,2008,2,37,20112012,N,36,0,9,9
Scott Gomez,--,L,C,1979-12-23,Anchorage,AK,USA,USA,71,200,1998,1,27,19992000,N,58,7,27,34
Sergei Gonchar,--,L,D,1974-04-13,Chelyabinsk,--,RUS,RUS,74,210,1992,1,14,19941995,N,48,1,13,14
Barclay Goodrow,NYR,L,C,1993-02-26,Toronto,ON,CAN,CAN,74,209,--,--,--,20142015,N,60,4,8,12
Boyd Gordon,--,R,C,1983-10-19,Unity,SK,CAN,CAN,72,200,2002,1,17,20032004,N,68,6,7,13
Josh Gorges,--,L,D,1984-08-14,Kelowna,BC,CAN,CAN,73,204,--,--,--,20052006,N,46,0,6,6
Brandon Gormley,--,L,D,1992-02-18,Murray River,PE,CAN,CAN,74,196,2010,1,13,20132014,N,27,2,2,4
Michael Grabner,--,L,L,1987-10-05,Villach,--,AUT,AUT,73,188,2006,1,14,20092010,N,34,8,5,13
Mikhail Grabovski,--,L,C,1984-01-31,Potsdam,--,DEU,BLR,71,186,2004,5,150,20062007,N,51,9,10,19
Markus Granlund,--,L,C,1993-04-16,Oulu,--,FIN,FIN,72,180,2011,2,45,20132014,N,48,8,10,18
Mikael Granlund,SJS,L,C,1992-02-26,Oulu,--,FIN,FIN,70,185,2010,1,9,20122013,N,68,8,31,39
Mike Green,--,R,D,1985-10-12,Calgary,AB,CAN,CAN,73,210,2004,1,29,20052006,N,72,10,35,45
Andy Greene,--,L,D,1982-10-30,Trenton,MI,USA,USA,71,190,--,--,--,20062007,N,82,3,19,22
Matt Greene,--,R,D,1983-05-13,Grand Ledge,MI,USA,USA,75,236,2002,2,44,20052006,N,82,3,6,9
Colin Greening,--,L,C,1986-03-09,St. John's,NL,CAN,CAN,74,210,2005,7,204,20102011,N,26,1,0,1
Seth Griffith,EDM,R,C,1993-01-04,Wallaceburg,ON,CAN,CAN,69,190,2012,5,131,20142015,N,30,6,4,10
Mikhail Grigorenko,--,L,C,1994-05-16,Khabarovsk,--,RUS,RUS,75,206,2012,1,12,20122013,N,25,3,3,6
Nicklas Grossmann,--,L,D,1985-01-22,Stockholm,--,SWE,SWE,76,230,2004,2,56,20062007,N,68,5,9,14
Eric Gryba,--,R,D,1988-04-14,Saskatoon,SK,CAN,CAN,76,222,2006,3,68,20122013,N,75,0,12,12
Radko Gudas,ANA,R,D,1990-06-05,Prague,--,CZE,CZE,72,208,2010,3,66,20122013,N,31,2,3,5
Erik Gudbranson,CBJ,R,D,1992-01-07,Ottawa,ON,CAN,CAN,77,222,2010,1,3,20112012,N,76,4,9,13
Nate Guenin,--,R,D,1982-12-10,Aliquippa,PA,USA,USA,75,207,2002,4,127,20062007,N,76,2,13,15
Carl Gunnarsson,--,L,D,1986-11-09,Orebro,--,SWE,SWE,74,198,2007,7,194,20092010,N,61,2,10,12
Carl Hagelin,--,L,L,1988-08-23,Sodertalje,--,SWE,SWE,72,183,2007,6,168,20112012,N,82,17,18,35
Ron Hainsey,--,L,D,1981-03-24,Bolton,CT,USA,USA,75,201,2000,1,13,20022003,N,81,2,8,10
Matt Halischuk,--,R,R,1988-06-01,Toronto,ON,CAN,CAN,72,180,2007,4,117,20082009,N,47,3,5,8
Taylor Hall,CHI,L,L,1991-11-14,Calgary,AB,CAN,CAN,73,210,2010,1,1,20102011,N,53,14,24,38
Dan Hamhuis,--,L,D,1982-12-13,Smithers,BC,CAN,CAN,73,204,2001,1,12,20032004,N,59,1,22,23
Dougie Hamilton,NJD,R,D,1993-06-17,Toronto,ON,CAN,CAN,78,230,2011,1,9,20122013,N,72,10,32,42
Freddie Hamilton,--,R,C,1992-01-01,Toronto,ON,CAN,CAN,73,195,2010,5,129,20132014,N,18,1,0,1
Ryan Hamilton,--,L,L,1985-04-15,Oshawa,ON,CAN,CAN,74,219,--,--,--,20112012,N,16,1,1,2
Travis Hamonic,OTT,R,D,1990-08-16,St. Malo,MB,CAN,CAN,73,200,2008,2,53,20102011,N,71,5,28,33
Scott Hannan,--,L,D,1979-01-23,Richmond,BC,CAN,CAN,73,215,1997,1,23,19981999,N,58,2,5,7
Jannik Hansen,--,R,R,1986-03-15,Rødovre,--,DNK,DNK,73,198,2004,9,287,20072008,N,81,16,17,33
Martin Hanzal,--,L,C,1987-02-20,Pisek,--,CZE,CZE,78,230,2005,1,17,20072008,N,37,8,16,24
Scott Harrington,--,L,D,1993-03-10,Kingston,ON,CAN,CAN,74,204,2011,2,54,20142015,N,10,0,0,0
Jay Harrison,--,L,D,1982-11-03,Oshawa,ON,CAN,CAN,76,222,2001,3,82,20052006,N,55,3,6,9
Peter Harrold,--,R,D,1983-06-08,Kirtland Hills,OH,USA,USA,71,180,--,--,--,20062007,N,43,3,2,5
Scott Hartnell,--,L,L,1982-04-18,Regina,SK,CAN,CAN,74,215,2000,1,6,20002001,N,77,28,32,60
Erik Haula,NJD,L,L,1991-03-23,Pori,--,FIN,FIN,71,191,2009,7,182,20132014,N,72,7,7,14
Martin Havlat,--,L,R,1981-04-19,Mlada Boleslav,--,CZE,CZE,74,210,1999,1,26,20002001,N,40,5,9,14
Jimmy Hayes,--,R,R,1989-11-21,Dorchester,MA,USA,USA,77,215,2008,2,60,20112012,N,72,19,16,35
Kevin Hayes,STL,L,R,1992-05-08,Dorchester,MA,USA,USA,77,216,2010,1,24,20142015,N,79,17,28,45
Victor Hedman,TBL,L,D,1990-12-18,Ornskoldsvik,--,SWE,SWE,79,246,2009,1,2,20092010,N,59,10,28,38
Jan Hejda,--,L,D,1978-06-18,Prague,--,CZE,CZE,76,230,2003,4,106,20062007,N,81,1,12,13
Seth Helgeson,--,L,D,1990-10-08,Faribault,MN,USA,USA,76,225,2009,4,114,20142015,N,22,0,2,2
Darren Helm,--,L,C,1987-01-21,St. Andrews,MB,CAN,CAN,72,192,2005,5,132,20072008,N,75,15,18,33
Ales Hemsky,--,R,R,1983-08-13,Pardubice,--,CZE,CZE,72,177,2001,1,13,20022003,N,76,11,21,32
Matt Hendricks,--,L,C,1981-06-17,Blaine,MN,USA,USA,72,211,2000,5,131,20082009,N,71,8,8,16
Adam Henrique,EDM,L,C,1990-02-06,Brantford,ON,CAN,CAN,72,195,2008,3,82,20102011,N,75,16,27,43
Tomas Hertl,VGK,L,C,1993-11-12,Praha,--,CZE,CZE,75,215,2012,1,17,20132014,N,82,13,18,31
Thomas Hickey,--,L,D,1989-02-08,Calgary,AB,CAN,CAN,72,185,2007,1,4,20122013,N,81,2,20,22
Chris Higgins,--,L,L,1983-06-02,Smithtown,NY,USA,USA,72,205,2002,1,14,20032004,N,77,12,24,36
Jack Hillen,--,L,D,1986-01-24,Minnetonka,MN,USA,USA,70,190,--,--,--,20072008,N,38,0,5,5
Joey Hishon,--,L,C,1991-10-20,Stratford,ON,CAN,CAN,70,170,2010,1,17,20142015,N,13,1,1,2
Niklas Hjalmarsson,--,L,D,1987-06-06,Eksjo,--,SWE,SWE,75,197,2005,4,108,20072008,N,82,3,16,19
Cody Hodgson,--,R,C,1990-02-18,Toronto,ON,CAN,CAN,72,191,2008,1,10,20102011,N,78,6,7,13
Mike Hoffman,SJS,L,C,1989-11-24,Kitchener,ON,CAN,CAN,72,190,2009,5,130,20112012,N,79,27,21,48
Nick Holden,--,L,D,1987-05-15,St. Albert,AB,CAN,CAN,76,210,--,--,--,20102011,N,78,5,9,14
Peter Holland,--,L,C,1991-01-14,Toronto,ON,CAN,CAN,74,193,2009,1,15,20112012,N,62,11,14,25
Korbinian Holzer,--,R,D,1988-02-16,Munich,--,DEU,DEU,75,213,2006,4,111,20102011,N,34,0,6,6
Shawn Horcoff,--,L,C,1978-09-17,Trail,BC,CAN,CAN,73,210,1998,4,99,20002001,N,76,11,18,29
Patric Hornqvist,--,R,R,1987-01-01,Sollentuna,--,SWE,SWE,71,189,2005,7,230,20082009,N,64,25,26,51
Bo Horvat,NYI,L,C,1995-04-05,London,ON,CAN,CAN,73,213,2013,1,9,20142015,N,68,13,12,25
Marian Hossa,--,L,R,1979-01-12,Stará Lubovna,--,SVK,SVK,73,207,1997,1,12,19971998,Y,82,22,39,61
Jonathan Huberdeau,CGY,L,C,1993-06-04,Saint-Jerome,QC,CAN,CAN,73,200,2011,1,3,20122013,N,79,15,39,54
Jiri Hudler,--,L,R,1984-01-04,Olomouc,--,CZE,CZE,70,190,2002,2,58,20032004,N,78,31,45,76
Brad Hunt,COL,L,D,1988-08-24,Maple Ridge,BC,CAN,CAN,69,177,--,--,--,20132014,N,11,1,2,3
Matt Hunwick,--,L,D,1985-05-21,Warren,MI,USA,USA,71,194,2004,7,224,20072008,N,55,2,9,11
Jarome Iginla,--,R,R,1977-07-01,Edmonton,AB,CAN,CAN,73,210,1995,1,11,19961997,Y,82,29,30,59
Matt Irwin,VAN,L,D,1987-11-29,Victoria,BC,CAN,CAN,74,200,--,--,--,20122013,N,53,8,11,19
Barret Jackman,--,L,D,1981-03-05,Trail,BC,CAN,CAN,72,203,1999,1,17,20012002,N,80,2,13,15
Tim Jackman,--,R,R,1981-11-14,Minot,ND,USA,USA,74,225,2001,2,38,20032004,N,55,5,2,7
Jaromir Jagr,--,L,R,1972-02-15,Kladno,--,CZE,CZE,75,230,1990,1,5,19901991,N,77,17,30,47
Calle Jarnkrok,TOR,R,C,1991-09-25,Gavle,--,SWE,SWE,72,190,2010,2,51,20132014,N,74,7,11,18
Dmitrij Jaskin,--,L,R,1993-03-23,Omsk,--,RUS,CZE,74,216,2011,2,41,20122013,N,54,13,5,18
Boone Jenner,CBJ,L,C,1993-06-15,Dorchester,ON,CAN,CAN,74,208,2011,2,37,20132014,N,31,9,8,17
Jesse Joensuu,--,L,L,1987-10-05,Pori,--,FIN,FIN,76,213,2006,2,60,20082009,N,20,2,2,4
Ryan Johansen,PHI,R,C,1992-07-31,Vancouver,BC,CAN,CAN,75,218,2010,1,4,20112012,N,82,26,45,71
Marcus Johansson,MIN,L,L,1990-10-06,Landskrona,--,SWE,SWE,73,203,2009,1,24,20102011,N,82,20,27,47
Erik Johnson,PHI,R,D,1988-03-21,Bloomington,MN,USA,USA,76,225,2006,1,1,20072008,N,47,12,11,23
Jack Johnson,COL,L,D,1987-01-13,Indianapolis,IN,USA,USA,73,227,2005,1,3,20062007,N,79,8,32,40
Tyler Johnson,CHI,R,C,1990-07-29,Spokane,WA,USA,USA,68,185,--,--,--,20122013,N,77,29,43,72
Jussi Jokinen,--,L,L,1983-04-01,Kalajoki,--,FIN,FIN,72,191,2001,6,192,20052006,N,81,8,36,44
Olli Jokinen,--,L,C,1978-12-05,Kuopio,--,FIN,FIN,74,210,1997,1,3,19971998,N,62,4,6,10
Jyrki Jokipakka,--,L,D,1991-08-20,Tampere,--,FIN,FIN,75,215,2011,7,195,20142015,N,51,0,10,10
David Jones,--,R,R,1984-08-10,Guelph,ON,CAN,CAN,75,208,2003,9,288,20072008,N,67,14,16,30
Seth Jones,CHI,R,D,1994-10-03,Arlington,TX,USA,USA,76,213,2013,1,4,20132014,N,82,8,19,27
Josh Jooris,--,R,R,1990-07-14,Burlington,ON,CAN,CAN,73,198,--,--,--,20142015,N,60,12,12,24
Michal Jordan,--,L,D,1990-07-17,Zlin,--,CZE,CZE,73,195,2008,4,105,20122013,N,38,2,4,6
Jacob Josefson,--,L,C,1991-03-02,Stockholm,--,SWE,SWE,72,196,2009,1,20,20102011,N,62,6,5,11
Roman Josi,NSH,L,D,1990-06-01,Bern,--,CHE,CHE,73,201,2008,2,38,20112012,N,81,15,40,55
Tomas Jurco,--,L,R,1992-12-28,Kosice,--,SVK,SVK,74,197,2011,2,35,20132014,N,63,3,15,18
Nazem Kadri,CGY,L,C,1990-10-06,London,ON,CAN,CAN,72,185,2009,1,7,20092010,N,73,18,21,39
Patrick Kaleta,--,R,R,1986-06-08,Buffalo,NY,USA,USA,73,198,2004,6,176,20062007,N,42,0,3,3
Steven Kampfer,ARI,R,D,1988-09-24,Ann Arbor,MI,USA,USA,71,198,2007,4,93,20102011,N,25,2,2,4
Evander Kane,EDM,L,L,1991-08-02,Vancouver,BC,CAN,CAN,74,218,2009,1,4,20092010,N,37,10,12,22
Patrick Kane,DET,L,R,1988-11-19,Buffalo,NY,USA,USA,70,177,2007,1,1,20072008,N,61,27,37,64
Erik Karlsson,PIT,R,D,1990-05-31,Landsbro,--,SWE,SWE,72,190,2008,1,15,20092010,N,82,21,45,66
Melker Karlsson,--,R,C,1990-07-18,Lycksele,--,SWE,SWE,72,180,--,--,--,20142015,N,53,13,11,24
William Karlsson,VGK,L,C,1993-01-08,Marsta,--,SWE,SWE,72,190,2011,2,53,20142015,N,21,3,2,5
Zack Kassian,--,R,R,1991-01-24,Windsor,ON,CAN,CAN,75,211,2009,1,13,20112012,N,42,10,6,16
Duncan Keith,--,L,D,1983-07-16,Winnipeg,MB,CAN,CAN,73,192,2002,2,54,20052006,N,80,10,35,45
Chris Kelly,--,L,C,1980-11-11,Toronto,ON,CAN,CAN,72,190,1999,3,94,20032004,N,80,7,21,28
Ronalds Kenins,--,L,L,1991-02-28,Riga,--,LVA,LVA,72,201,--,--,--,20142015,N,30,4,8,12
Tyler Kennedy,--,R,C,1986-07-15,Sault Ste. Marie,ON,CAN,CAN,71,185,2004,4,99,20072008,N,38,6,8,14
Ryan Kesler,--,R,C,1984-08-31,Livonia,MI,USA,USA,74,206,2003,1,23,20032004,N,81,20,27,47
Phil Kessel,--,R,R,1987-10-02,Madison,WI,USA,USA,71,208,2006,1,5,20062007,N,82,25,36,61
Alex Killorn,ANA,L,L,1989-09-14,Halifax,NS,CAN,CAN,73,194,2007,3,77,20122013,N,71,15,23,38
Jakub Kindl,--,L,D,1987-02-10,Sumperk,--,CZE,CZE,75,199,2005,1,19,20092010,N,35,5,8,13
Dwight King,--,L,L,1989-07-05,Meadow Lake,SK,CAN,CAN,76,229,2007,4,109,20102011,N,81,13,13,26
Oscar Klefbom,--,L,D,1993-07-20,Karlstad,--,SWE,SWE,75,216,2011,1,19,20132014,N,60,2,18,20
Kevin Klein,--,R,D,1984-12-13,Kitchener,ON,CAN,CAN,73,206,2003,2,37,20052006,N,65,9,17,26
John Klingberg,TOR,R,D,1992-08-14,Gothenburg,--,SWE,SWE,74,185,2010,5,131,20142015,N,65,11,29,40
Rob Klinkhammer,--,L,L,1986-08-12,Lethbridge,AB,CAN,CAN,75,214,--,--,--,20102011,N,69,5,4,9
Mikko Koivu,--,L,C,1983-03-12,Turku,--,FIN,FIN,75,213,2001,1,6,20052006,N,80,14,34,48
Leo Komarov,--,L,R,1987-01-23,Narva,--,EST,FIN,71,205,2006,6,180,20122013,N,62,8,18,26
Tomas Kopecky,--,L,R,1982-02-05,Ilava,--,SVK,SVK,75,210,2000,2,38,20052006,N,64,2,6,8
Anze Kopitar,LAK,L,C,1987-08-24,Jesenice,--,SVN,SVN,75,225,2005,1,11,20062007,N,79,16,48,64
Lauri Korpikoski,--,L,L,1986-07-28,Turku,--,FIN,FIN,73,193,2004,1,19,20082009,N,69,6,15,21
Brandon Kozun,--,R,R,1990-03-08,Los Angeles,CA,USA,USA,68,167,2009,6,179,20142015,N,20,2,2,4
Chris Kreider,NYR,L,L,1991-04-30,Boxford,MA,USA,USA,75,233,2009,1,19,20122013,N,80,21,25,46
David Krejci,--,R,C,1986-04-28,Sternberk,--,CZE,CZE,72,192,2004,2,63,20062007,N,47,7,24,31
Niklas Kronwall,--,L,D,1981-01-12,Stockholm,--,SWE,SWE,72,194,2000,1,29,20032004,N,80,9,35,44
Torey Krug,STL,L,D,1991-04-12,Livonia,MI,USA,USA,69,194,--,--,--,20112012,N,78,12,27,39
Marcus Kruger,--,L,C,1990-05-27,Stockholm,--,SWE,SWE,72,186,2009,5,149,20102011,N,81,7,10,17
Nikita Kucherov,TBL,L,R,1993-06-17,Maykop,--,RUS,RUS,71,182,2011,2,58,20132014,N,82,29,36,65
Nikolay Kulemin,--,L,L,1986-07-14,Magnitogorsk,--,RUS,RUS,73,228,2006,2,44,20082009,N,82,15,16,31
Dmitry Kulikov,FLA,L,D,1990-10-29,Lipetsk,--,RUS,RUS,73,201,2009,1,14,20092010,N,73,3,19,22
Chris Kunitz,--,L,L,1979-09-26,Regina,SK,CAN,CAN,72,188,--,--,--,20032004,N,74,17,23,40
Evgeny Kuznetsov,CAR,L,C,1992-05-19,Chelyabinsk,--,RUS,RUS,74,207,2010,1,26,20132014,N,80,11,26,37
Andrew Ladd,--,L,L,1985-12-12,Maple Ridge,BC,CAN,CAN,75,205,2004,1,4,20052006,N,81,24,38,62
Brooks Laich,--,L,C,1983-06-23,Wawota,SK,CAN,CAN,74,200,2001,6,193,20032004,N,66,7,13,20
Anton Lander,--,L,C,1991-04-24,Sundsvall,--,SWE,SWE,72,184,2009,2,40,20112012,N,38,6,14,20
Gabriel Landeskog,COL,L,L,1992-11-23,Stockholm,--,SWE,SWE,73,215,2011,1,2,20112012,N,82,23,36,59
Maxim Lapierre,--,R,C,1985-03-29,Saint-Léonard,QC,CAN,CAN,74,215,2003,2,61,20052006,N,80,2,9,11
Adam Larsson,SEA,R,D,1992-11-12,Skelleftea,--,SWE,SWE,75,209,2011,1,4,20112012,N,64,3,21,24
Johan Larsson,--,L,L,1992-07-25,Lau,--,SWE,SWE,71,206,2010,2,56,20122013,N,39,6,10,16
Brian Lashoff,--,L,D,1990-07-16,Albany,NY,USA,USA,75,215,--,--,--,20122013,N,11,0,2,2
Michael Latta,--,R,C,1991-05-25,Kitchener,ON,CAN,CAN,72,207,2009,3,72,20132014,N,53,0,6,6
Scott Laughton,PHI,L,C,1994-05-30,Oakville,ON,CAN,CAN,73,191,2012,1,20,20122013,N,31,2,4,6
Curtis Lazar,NJD,R,C,1995-02-02,Salmon Arm,BC,CAN,CAN,72,203,2013,1,17,20142015,N,67,6,9,15
Vincent Lecavalier,--,L,C,1980-04-21,Ile Bizard,QC,CAN,CAN,76,215,1998,1,1,19981999,N,57,8,12,20
Nick Leddy,STL,L,D,1991-03-20,Eden Prairie,MN,USA,USA,72,205,2009,1,16,20102011,N,78,10,27,37
Anders Lee,NYI,L,L,1990-07-03,Edina,MN,USA,USA,75,227,2009,6,152,20122013,N,76,25,16,41
David Legwand,--,L,C,1980-08-17,Detroit,MI,USA,USA,74,207,1998,1,2,19981999,N,80,9,18,27
Jori Lehtera,--,L,C,1987-12-23,Helsinki,--,FIN,FIN,74,212,2008,3,65,20142015,N,75,14,30,44
Jordan Leopold,--,L,D,1980-08-03,Golden Valley,MN,USA,USA,73,206,1999,2,44,20022003,N,43,1,3,4
Lucas Lessio,--,L,L,1993-01-23,Maple,ON,CAN,CAN,73,212,2011,2,56,20132014,N,26,2,3,5
Kris Letang,PIT,R,D,1987-04-24,Montréal,QC,CAN,CAN,72,201,2005,3,62,20062007,N,69,11,43,54
Mark Letestu,--,R,C,1985-02-04,Elk Point,AB,CAN,CAN,70,195,--,--,--,20092010,N,54,7,6,13
Trevor Lewis,LAK,R,C,1987-01-08,Salt Lake City,UT,USA,USA,73,205,2006,1,17,20082009,N,73,9,16,25
John-Michael Liles,--,L,D,1980-11-25,Indianapolis,IN,USA,USA,70,185,2000,5,159,20032004,N,57,2,20,22
Petteri Lindbohm,--,L,D,1993-09-23,Helsinki,--,FIN,FIN,75,198,2012,6,176,20142015,N,23,2,1,3
Elias Lindholm,VAN,R,C,1994-12-02,Boden,--,SWE,SWE,73,202,2013,1,5,20132014,N,81,17,22,39
Hampus Lindholm,BOS,L,D,1994-01-20,Helsingborg,--,SWE,SWE,76,224,2012,1,6,20132014,N,78,7,27,34
Joakim Lindstrom,--,L,C,1983-12-05,Skelleftea,--,SWE,SWE,72,187,2002,2,41,20052006,N,53,4,6,10
Bryan Little,ARI,R,C,1987-11-12,Edmonton,AB,CAN,CAN,72,191,2006,1,12,20072008,N,70,24,28,52
Ben Lovejoy,--,R,D,1984-02-20,Concord,NH,USA,USA,73,205,--,--,--,20082009,N,60,2,12,14
Adam Lowry,WPG,L,C,1993-03-29,St. Louis,MO,USA,USA,77,210,2011,3,67,20142015,N,80,11,12,23
Milan Lucic,BOS,L,L,1988-06-07,Vancouver,BC,CAN,CAN,75,236,2006,2,50,20072008,N,81,18,26,44
Joffrey Lupul,--,R,L,1983-09-23,Fort Saskatchewan,AB,CAN,CAN,73,206,2002,1,7,20032004,N,55,10,11,21
Olli Maatta,DET,L,D,1994-08-22,Jyväskylä,--,FIN,FIN,74,207,2012,1,22,20132014,N,20,1,8,9
Clarke MacArthur,--,L,L,1985-04-06,Lloydminster,AB,CAN,CAN,72,192,2003,3,74,20062007,N,62,16,20,36
Andrew MacDonald,--,L,D,1986-09-07,Judique,NS,CAN,CAN,73,204,2006,6,160,20082009,N,58,2,10,12
Derek MacKenzie,--,L,C,1981-06-11,Sudbury,ON,CAN,CAN,71,177,1999,5,128,20012002,N,82,5,6,11
Nathan MacKinnon,COL,R,C,1995-09-01,Halifax,NS,CAN,CAN,72,200,2013,1,1,20132014,N,64,14,24,38
Andrew MacWilliam,--,L,D,1990-03-25,Calgary,AB,CAN,CAN,74,223,2008,7,188,20142015,N,12,0,2,2
Manny Malhotra,--,L,C,1980-05-18,Mississauga,ON,CAN,CAN,74,207,1998,1,7,19981999,N,58,1,3,4
Evgeni Malkin,PIT,L,C,1986-07-31,Magnitogorsk,--,RUS,RUS,75,195,2004,1,2,20062007,N,69,28,42,70
Brad Malone,EDM,L,C,1989-05-20,Miramichi,NB,CAN,CAN,74,212,2007,4,105,20112012,N,65,7,8,15
Brandon Manning,--,L,D,1990-06-04,Prince George,BC,CAN,CAN,73,205,--,--,--,20112012,N,11,0,3,3
Josh Manson,COL,R,D,1991-10-07,Hinsdale,IL,USA,CAN,75,218,2011,6,160,20142015,N,28,0,3,3
Brad Marchand,BOS,L,L,1988-05-11,Halifax,NS,CAN,CAN,69,176,2006,3,71,20092010,N,77,24,18,42
Alexey Marchenko,--,R,D,1992-01-02,Moscow,--,RUS,RUS,75,210,2011,7,205,20132014,N,13,1,1,2
Martin Marincin,--,L,D,1992-02-18,Kosice,--,SVK,SVK,77,217,2010,2,46,20132014,N,41,1,4,5
Andrei Markov,--,L,D,1978-12-20,Voskresensk,--,RUS,RUS,72,200,1998,6,162,20002001,N,81,10,40,50
Patrick Marleau,--,L,C,1979-09-15,Aneroid,SK,CAN,CAN,74,215,1997,1,2,19971998,N,82,19,38,57
Pat Maroon,BOS,L,L,1988-04-23,St. Louis,MO,USA,USA,75,234,2007,6,161,20112012,N,71,9,25,34
Matt Martin,NYI,L,L,1989-05-08,Windsor,ON,CAN,CAN,75,215,2008,5,148,20092010,N,78,8,6,14
Paul Martin,--,L,D,1981-03-05,Minneapolis,MN,USA,USA,73,200,2000,2,62,20032004,N,74,3,17,20
Alec Martinez,VGK,L,D,1987-07-26,Rochester Hills,MI,USA,USA,73,210,2007,4,95,20092010,N,56,6,16,22
Shawn Matthias,--,L,L,1988-02-19,Mississauga,ON,CAN,CAN,76,231,2006,2,47,20072008,N,78,18,9,27
Jamie McBain,--,R,D,1988-02-25,Edina,MN,USA,USA,73,195,2006,2,63,20092010,N,26,3,6,9
Jay McClement,--,L,C,1983-03-02,Kingston,ON,CAN,CAN,73,205,2001,2,57,20052006,N,82,7,14,21
Cody McCormick,--,R,C,1983-04-18,London,ON,CAN,CAN,74,222,2001,5,144,20032004,N,33,1,3,4
Ryan McDonagh,TBL,L,D,1989-06-13,St. Paul,MN,USA,USA,73,215,2007,1,12,20102011,N,71,8,25,33
Colin McDonald,--,R,R,1984-09-30,Wethersfield,CT,USA,USA,74,208,2003,2,51,20092010,N,18,2,6,8
Jamie McGinn,--,L,L,1988-08-05,Fergus,ON,CAN,CAN,73,205,2006,2,36,20082009,N,19,4,2,6
Tye McGinn,--,L,L,1990-07-29,Fergus,ON,CAN,CAN,75,218,2010,4,119,20122013,N,51,2,5,7
Curtis McKenzie,--,L,L,1991-02-22,Golden,BC,CAN,CAN,74,205,2009,6,159,20142015,N,36,4,1,5
Cody McLeod,--,L,L,1984-06-26,Binscarth,MB,CAN,CAN,74,204,--,--,--,20072008,N,82,7,5,12
Brandon McMillan,--,L,L,1990-03-22,Richmond,BC,CAN,CAN,71,190,2008,3,85,20102011,N,58,1,3,4
Brayden McNabb,VGK,L,D,1991-01-21,Davidson,SK,CAN,CAN,76,215,2009,3,66,20112012,N,71,2,22,24
Adam McQuaid,--,R,D,1986-10-12,Charlottetown,PE,CAN,CAN,76,210,2005,2,55,20092010,N,63,1,6,7
Jayson Megna,BOS,R,C,1990-02-01,Fort Lauderdale,FL,USA,USA,72,190,--,--,--,20132014,N,12,0,1,1
Jon Merrill,MIN,L,D,1992-02-03,Oklahoma City,OK,USA,USA,75,204,2010,2,38,20132014,N,66,2,12,14
Andrej Meszaros,--,L,D,1985-10-13,Pova_x001a_ská Bystrica,--,SVK,SVK,74,223,2004,1,23,20052006,N,60,7,7,14
Marc Methot,--,L,D,1985-06-21,Ottawa,ON,CAN,CAN,76,230,2003,6,168,20062007,N,45,1,10,11
Milan Michalek,--,L,L,1984-12-07,Jindrichuv Hradec,--,CZE,CZE,74,225,2003,1,6,20032004,N,66,13,21,34
Zbynek Michalek,--,R,D,1982-12-23,Jindrichuv Hradec,--,CZE,CZE,74,210,--,--,--,20032004,N,68,4,8,12
Drew Miller,--,L,L,1984-02-17,Dover,NJ,USA,USA,74,183,2003,6,186,20072008,N,82,5,8,13
J.T. Miller,VAN,L,C,1993-03-14,East Palestine,OH,USA,USA,73,218,2011,1,15,20122013,N,58,10,13,23
Kevan Miller,--,R,D,1987-11-15,Los Angeles,CA,USA,USA,74,210,--,--,--,20132014,N,41,2,5,7
John Mitchell,--,L,C,1985-01-22,Oakville,ON,CAN,CAN,73,204,2003,5,158,20082009,N,68,11,15,26
Torrey Mitchell,--,R,C,1985-01-30,Greenfield Park,QC,CAN,CAN,71,186,2004,4,126,20072008,N,65,6,8,14
Willie Mitchell,--,L,D,1977-04-23,Port McNeill,BC,CAN,CAN,75,210,1996,8,199,19992000,N,66,3,5,8
Travis Moen,--,L,L,1982-04-06,Stewart Valley,SK,CAN,CAN,74,215,2000,5,155,20032004,N,44,3,6,9
Sean Monahan,WPG,L,C,1994-10-12,Brampton,ON,CAN,CAN,74,202,2013,1,6,20132014,N,81,31,31,62
Dominic Moore,--,L,C,1980-08-03,Thornhill,ON,CAN,CAN,72,192,2000,3,95,20032004,N,82,10,17,27
John Moore,--,L,D,1990-11-19,Winnetka,IL,USA,USA,75,207,2009,1,21,20102011,N,57,2,9,11
Jeremy Morin,--,R,L,1991-04-16,Auburn,NY,USA,USA,73,195,2009,2,45,20102011,N,43,2,4,6
Brenden Morrow,--,L,L,1979-01-16,Carlyle,SK,CAN,CAN,71,212,1997,1,25,19992000,N,70,3,5,8
Joe Morrow,--,L,D,1992-12-09,Edmonton,AB,CAN,CAN,72,196,2011,1,23,20142015,N,15,1,0,1
David Moss,--,R,R,1981-12-28,Livonia,MI,USA,USA,76,210,2001,7,220,20062007,N,60,4,8,12
Matt Moulson,--,L,L,1983-11-01,North York,ON,CAN,CAN,73,203,2003,9,263,20072008,N,77,13,28,41
Mirco Mueller,--,L,D,1995-03-21,Winterthur,--,CHE,CHE,75,210,2013,1,18,20142015,N,39,1,3,4
Connor Murphy,CHI,R,D,1993-03-26,Dublin,OH,USA,USA,76,212,2011,1,20,20132014,N,73,4,3,7
Ryan Murphy,--,R,D,1993-03-31,Aurora,ON,CAN,CAN,71,175,2011,1,12,20122013,N,37,4,9,13
Ryan Murray,--,L,D,1993-09-27,Regina,SK,CAN,CAN,73,206,2012,1,2,20132014,N,12,1,2,3
Jake Muzzin,TOR,L,D,1989-02-21,Woodstock,ON,CAN,CAN,75,227,2007,5,141,20102011,N,76,10,31,41
Tyler Myers,VAN,R,D,1990-02-01,Houston,TX,USA,CAN,80,229,2008,1,12,20092010,N,71,7,21,28
Vladislav Namestnikov,WPG,L,C,1992-11-22,Zhukovskiy,--,RUS,RUS,72,181,2011,1,27,20132014,N,43,9,7,16
Rick Nash,--,L,L,1984-06-16,Brampton,ON,CAN,CAN,76,211,2002,1,1,20022003,N,79,42,27,69
Riley Nash,NYR,R,C,1989-05-09,Consort,AB,CAN,CAN,73,187,2007,1,21,20112012,N,68,8,17,25
James Neal,--,L,L,1987-09-03,Whitby,ON,CAN,CAN,75,212,2005,2,33,20082009,N,67,23,14,37
Chris Neil,--,R,R,1979-06-18,Flesherton,ON,CAN,CAN,73,209,1998,6,161,20012002,N,38,4,3,7
Brock Nelson,NYI,L,C,1991-10-15,Warroad,MN,USA,USA,76,210,2010,1,30,20132014,N,82,20,22,42
Patrik Nemeth,--,L,D,1992-02-08,Stockholm,--,SWE,SWE,76,230,2010,2,41,20132014,N,22,0,3,3
Nikita Nesterov,--,L,D,1993-03-28,Chelyabinsk,--,RUS,RUS,71,191,2011,5,148,20142015,N,27,2,5,7
Andrej Nestrasil,--,L,C,1991-02-22,Prague,--,CZE,CZE,75,200,2009,3,75,20142015,N,54,7,13,20
Nino Niederreiter,WPG,L,R,1992-09-08,Chur,--,CHE,CHE,74,218,2010,1,5,20102011,N,80,24,13,37
Frans Nielsen,--,L,C,1984-04-24,Herning,--,DNK,DNK,73,186,2002,3,87,20062007,N,78,14,29,43
Matt Nieto,PIT,L,L,1992-11-05,Long Beach,CA,USA,USA,71,187,2011,2,47,20132014,N,72,10,17,27
Nikita Nikitin,--,L,D,1986-06-16,Omsk,--,RUS,RUS,76,217,2004,5,136,20102011,N,42,4,6,10
Matt Niskanen,--,R,D,1986-12-06,Virginia,MN,USA,USA,73,203,2005,1,28,20072008,N,82,4,27,31
Jordan Nolan,--,L,C,1989-06-23,"Garden River, First Nations",ON,CAN,CAN,75,219,2009,7,186,20112012,N,60,6,3,9
Joakim Nordstrom,--,L,C,1992-02-25,Stockholm,--,SWE,SWE,73,194,2010,3,90,20132014,N,38,0,3,3
Ryan Nugent-Hopkins,EDM,L,C,1993-04-12,Burnaby,BC,CAN,CAN,73,192,2011,1,1,20112012,N,76,24,32,56
Gustav Nyquist,NSH,L,C,1989-09-01,Halmstad,--,SWE,SWE,71,180,2008,4,121,20112012,N,82,27,27,54
Eric Nystrom,--,L,L,1983-02-14,Syosset,NY,USA,USA,73,200,2002,1,10,20052006,N,60,7,5,12
Liam O'Brien,ARI,L,C,1994-07-29,Halifax,NS,CAN,CAN,73,213,--,--,--,20142015,N,13,1,1,2
Eric O'Dell,--,R,C,1990-06-21,Ottawa,ON,CAN,CAN,73,200,2008,2,39,20132014,N,11,0,1,1
Ryan O'Reilly,NSH,L,C,1991-02-07,Clinton,ON,CAN,CAN,73,207,2009,2,33,20092010,N,82,17,38,55
Johnny Oduya,--,L,D,1981-10-01,Stockholm,--,SWE,SWE,72,191,2001,7,221,20062007,N,76,2,8,10
Kyle Okposo,FLA,R,R,1988-04-16,St. Paul,MN,USA,USA,72,216,2006,1,7,20072008,N,60,18,33,51
Jamie Oleksiak,SEA,L,D,1992-12-21,Toronto,ON,CAN,CAN,79,257,2011,1,14,20122013,N,36,1,7,8
Dylan Olsen,--,L,D,1991-01-03,Salt Lake City,UT,USA,USA,74,223,2009,1,28,20112012,N,44,2,6,8
Brooks Orpik,--,L,D,1980-09-26,San Francisco,CA,USA,USA,75,217,2000,1,18,20022003,N,78,0,19,19
T.J. Oshie,WSH,R,R,1986-12-23,Everett,WA,USA,USA,72,187,2005,1,24,20082009,N,72,19,36,55
Steve Ott,--,L,C,1982-08-19,Summerside,PE,CAN,CAN,72,193,2000,1,25,20022003,N,78,3,9,12
Xavier Ouellet,PIT,L,D,1993-07-29,Bayonne,--,FRA,FRA,72,197,2011,2,48,20132014,N,21,2,1,3
Alex Ovechkin,WSH,R,L,1985-09-17,Moscow,--,RUS,RUS,75,238,2004,1,1,20052006,N,81,53,28,81
Magnus Paajarvi,--,L,L,1991-04-12,Norrkoping,--,SWE,SWE,75,206,2009,1,10,20102011,N,10,0,1,1
Max Pacioretty,WSH,L,L,1988-11-20,New Canaan,CT,USA,USA,74,217,2007,1,22,20082009,N,80,37,30,67
Jean-Gabriel Pageau,NYI,R,C,1992-11-11,Ottawa,ON,CAN,CAN,71,185,2011,4,96,20122013,N,50,10,9,19
Daniel Paille,--,L,L,1984-04-15,Welland,ON,CAN,CAN,73,200,2002,1,20,20052006,N,71,6,7,13
Iiro Pakarinen,--,R,R,1991-08-25,Loviisa,--,FIN,FIN,73,212,2011,7,184,20142015,N,17,1,2,3
Ondrej Palat,NJD,L,L,1991-03-28,Frydek-Mistek,--,CZE,CZE,72,194,2011,7,208,20122013,N,75,16,47,63
Kyle Palmieri,NYI,R,C,1991-02-01,Smithtown,NY,USA,USA,71,196,2009,1,26,20102011,N,57,14,15,29
Richard Panik,--,L,R,1991-02-07,Martin,--,SVK,SVK,74,203,2009,2,52,20122013,N,76,11,6,17
Cedric Paquette,--,L,C,1993-08-13,Gaspe,QC,CAN,CAN,72,205,2012,4,101,20132014,N,64,12,7,19
Adam Pardy,--,L,D,1984-03-29,Bonavista,NL,CAN,CAN,76,227,2004,6,173,20082009,N,55,0,9,9
PA Parenteau,--,R,R,1983-03-24,Hull,QC,CAN,CAN,72,200,2001,9,264,20062007,N,56,8,14,22
Zach Parise,COL,L,L,1984-07-28,Minneapolis,MN,USA,USA,71,195,2003,1,17,20052006,N,74,33,29,62
David Pastrnak,BOS,R,R,1996-05-25,Havirov,--,CZE,CZE,72,196,2014,1,25,20142015,N,46,10,17,27
Greg Pateryn,--,R,D,1990-06-20,Sterling Heights,MI,USA,USA,74,221,2008,5,128,20122013,N,17,0,0,0
Joe Pavelski,DAL,R,C,1984-07-11,Plover,WI,USA,USA,73,196,2003,7,205,20062007,N,82,37,33,70
Tanner Pearson,MTL,L,L,1992-08-10,Kitchener,ON,CAN,CAN,73,207,2012,1,30,20132014,N,42,12,4,16
Anthony Peluso,--,R,R,1989-04-18,North York,ON,CAN,CAN,75,225,2007,6,160,20122013,N,49,1,1,2
Mathieu Perreault,--,L,C,1988-01-05,Drummondville,QC,CAN,CAN,70,189,2006,6,177,20092010,N,62,18,23,41
David Perron,DET,R,L,1988-05-28,Sherbrooke,QC,CAN,CAN,72,195,2007,1,26,20072008,N,81,17,24,41
Corey Perry,EDM,R,R,1985-05-16,Peterborough,ON,CAN,CAN,75,208,2003,1,28,20052006,N,67,33,22,55
Alexander Petrovic,DAL,R,D,1992-03-03,Edmonton,AB,CAN,CAN,77,208,2010,2,36,20122013,N,33,0,3,3
Jeff Petry,DET,R,D,1987-12-09,Ann Arbor,MI,USA,USA,75,208,2006,2,45,20102011,N,78,7,15,22
Dion Phaneuf,--,L,D,1985-04-10,Edmonton,AB,CAN,CAN,76,222,2003,1,9,20052006,N,70,3,26,29
Chris Phillips,--,L,D,1978-03-09,Calgary,AB,CAN,CAN,75,219,1996,1,1,19971998,N,36,0,3,3
Alex Pietrangelo,VGK,R,D,1990-01-18,King City,ON,CAN,CAN,75,215,2008,1,4,20082009,N,81,7,39,46
Steven Pinizzotto,--,R,R,1984-04-26,Mississauga,ON,CAN,CAN,73,205,--,--,--,20122013,N,18,2,2,4
Brandon Pirri,--,L,C,1991-04-10,Toronto,ON,CAN,CAN,73,180,2009,2,59,20102011,N,49,22,2,24
Tyler Pitlick,NYR,R,C,1991-11-01,Minneapolis,MN,USA,USA,74,199,2010,2,31,20132014,N,17,2,0,2
Tomas Plekanec,--,L,C,1982-10-31,Kladno,--,CZE,CZE,71,190,2001,3,71,20032004,N,82,26,34,60
Roman Polak,--,R,D,1986-04-28,Ostrava,--,CZE,CZE,74,240,2004,6,180,20062007,N,56,5,4,9
Jason Pominville,--,R,R,1982-11-30,Repentigny,QC,CAN,CAN,71,180,2001,2,55,20032004,N,82,18,36,54
Chris Porter,--,L,L,1984-05-29,Toronto,ON,CAN,CAN,73,206,2003,9,282,20082009,N,24,1,1,2
Paul Postma,--,R,D,1989-02-22,Red Deer,AB,CAN,CAN,75,195,2007,7,205,20102011,N,42,2,4,6
Benoit Pouliot,--,L,L,1986-09-29,Alfred,ON,CAN,CAN,75,200,2005,1,4,20062007,N,58,19,15,34
Derrick Pouliot,DAL,L,D,1994-01-16,Estevan,SK,CAN,CAN,73,204,2012,1,8,20142015,N,34,2,5,7
Nate Prosser,--,R,D,1986-05-07,Elk River,MN,USA,USA,74,201,--,--,--,20092010,N,63,2,5,7
Dalton Prout,--,R,D,1990-03-13,Kingsville,ON,CAN,CAN,75,215,2010,6,154,20112012,N,63,0,8,8
Brandon Prust,--,L,L,1984-03-16,London,ON,CAN,CAN,72,195,2004,3,70,20062007,N,82,4,14,18
Matt Puempel,--,L,L,1993-01-24,Windsor,ON,CAN,CAN,73,201,2011,1,24,20142015,N,13,2,1,3
Teemu Pulkkinen,--,R,L,1992-01-02,Vantaa,--,FIN,FIN,70,185,2010,4,111,20132014,N,31,5,3,8
Teddy Purcell,--,R,L,1985-09-08,St. John's,NL,CAN,CAN,74,195,--,--,--,20072008,N,82,12,22,34
Kyle Quincey,--,L,D,1985-08-12,Kitchener,ON,CAN,CAN,74,210,2003,4,132,20052006,N,73,3,15,18
Michael Raffl,--,L,L,1988-12-01,Villach,--,AUT,AUT,73,205,--,--,--,20132014,N,67,21,7,28
Rickard Rakell,PIT,R,R,1993-05-05,Sundbyberg,--,SWE,SWE,73,195,2011,1,30,20122013,N,71,9,22,31
Victor Rask,--,L,C,1993-03-01,Leksand,--,SWE,SWE,74,199,2011,2,42,20142015,N,80,11,22,33
Ty Rattie,--,R,R,1993-02-05,Calgary,AB,CAN,CAN,72,183,2011,2,32,20132014,N,11,0,2,2
Mason Raymond,--,L,L,1985-09-17,Cochrane,AB,CAN,CAN,73,179,2005,2,51,20072008,N,57,12,11,23
Matt Read,--,R,R,1986-06-14,Ilderton,ON,CAN,CAN,70,188,--,--,--,20112012,N,80,8,22,30
Ryan Reaves,TOR,R,R,1987-01-20,Winnipeg,MB,CAN,CAN,74,226,2005,5,156,20102011,N,81,6,6,12
Zach Redmond,--,R,D,1988-07-26,Traverse City,MI,USA,USA,74,212,2008,7,184,20122013,N,59,5,15,20
Robyn Regehr,--,L,D,1980-04-19,Recife,--,BRA,CAN,75,222,1998,1,19,19992000,N,67,3,10,13
Borna Rendulic,--,R,R,1992-03-25,Zagreb,--,HRV,HRV,74,200,--,--,--,20142015,N,11,1,1,2
Mike Ribeiro,--,L,C,1980-02-10,Montréal,QC,CAN,CAN,72,179,1998,2,45,19992000,N,82,15,47,62
Brad Richards,--,L,C,1980-05-02,Murray Harbour,PE,CAN,CAN,72,199,1998,3,64,20002001,N,76,12,25,37
Mike Richards,--,L,C,1985-02-11,Kenora,ON,CAN,CAN,71,196,2003,1,24,20052006,N,53,5,11,16
Brad Richardson,--,L,R,1985-02-04,Belleville,ON,CAN,CAN,72,190,2003,5,163,20052006,N,45,8,13,21
Tobias Rieder,--,L,L,1993-01-10,Landshut,--,DEU,DEU,71,189,2011,4,114,20142015,N,72,13,8,21
Morgan Rielly,TOR,L,D,1994-03-09,Vancouver,BC,CAN,CAN,73,225,2012,1,5,20132014,N,81,8,21,29
Zac Rinaldo,--,L,C,1990-06-15,Mississauga,ON,CAN,CAN,70,192,2008,6,178,20112012,N,58,1,5,6
Rasmus Ristolainen,PHI,R,D,1994-10-27,Turku,--,FIN,FIN,76,208,2013,1,8,20132014,N,78,8,12,20
Brett Ritchie,--,R,R,1993-07-01,Orangeville,ON,CAN,CAN,76,215,2011,2,44,20142015,N,31,6,3,9
Colby Robak,--,L,D,1990-04-24,Dauphin,MB,CAN,CAN,75,194,2008,2,46,20112012,N,12,0,1,1
Stephane Robidas,--,R,D,1977-03-03,Sherbrooke,QC,CAN,CAN,71,190,1995,7,164,19992000,N,52,1,6,7
Antoine Roussel,--,L,L,1989-11-21,Roubaix,--,FRA,FRA,71,200,--,--,--,20122013,N,80,13,12,25
Derek Roy,--,L,C,1983-05-04,Ottawa,ON,CAN,CAN,69,184,2001,2,32,20032004,N,72,12,20,32
Michal Rozsival,--,R,D,1978-09-03,Vlasim,--,CZE,CZE,73,210,1996,4,105,19992000,N,65,1,12,13
David Rundblad,--,R,D,1990-10-08,Lycksele,--,SWE,SWE,74,187,2009,1,17,20112012,N,49,3,11,14
Kris Russell,--,L,D,1987-05-02,Caroline,AB,CAN,CAN,70,170,2005,3,67,20072008,N,79,4,30,34
Bryan Rust,PIT,R,R,1992-05-11,Pontiac,MI,USA,USA,71,192,2010,3,80,20142015,N,14,1,1,2
Tuomo Ruutu,--,L,L,1983-02-16,Vantaa,--,FIN,FIN,72,200,2001,1,9,20032004,N,77,7,6,13
Bobby Ryan,--,R,R,1987-03-17,Cherry Hill,NJ,USA,USA,74,208,2005,1,2,20072008,N,78,18,36,54
Michael Ryder,--,R,R,1980-03-31,Bonavista,NL,CAN,CAN,73,200,1998,8,216,20032004,N,47,6,13,19
Brandon Saad,STL,L,L,1992-10-27,Pittsburgh,PA,USA,USA,73,215,2011,2,43,20112012,N,82,23,29,52
Bryce Salvador,--,L,D,1976-02-11,Brandon,MB,CAN,CAN,75,215,1994,6,138,20002001,N,15,0,2,2
Mike Santorelli,--,R,C,1985-12-14,Vancouver,BC,CAN,CAN,72,189,2004,6,178,20082009,N,79,12,21,33
David Savard,MTL,R,D,1990-10-22,St-Hyacinthe,QC,CAN,CAN,73,238,2009,4,94,20112012,N,82,11,25,36
Luca Sbisa,--,L,D,1990-01-30,Ozieri,--,ITA,CHE,75,206,2008,1,19,20082009,N,76,3,8,11
Marco Scandella,STL,L,D,1990-02-23,Montréal,QC,CAN,CAN,75,212,2008,2,55,20102011,N,64,11,12,23
Colton Sceviour,--,R,C,1989-04-20,Red Deer,AB,CAN,CAN,72,190,2007,4,112,20102011,N,71,9,17,26
Tim Schaller,--,L,L,1990-11-16,Merrimack,NH,USA,USA,74,204,--,--,--,20142015,N,18,1,1,2
Mark Scheifele,WPG,R,C,1993-03-15,Kitchener,ON,CAN,CAN,75,207,2011,1,7,20112012,N,82,15,34,49
Brayden Schenn,STL,L,C,1991-08-22,Saskatoon,SK,CAN,CAN,73,199,2009,1,5,20092010,N,82,18,29,47
Luke Schenn,NSH,R,D,1989-11-02,Saskatoon,SK,CAN,CAN,74,225,2008,1,5,20082009,N,58,3,11,14
David Schlemko,--,L,D,1987-05-07,Edmonton,AB,CAN,CAN,73,191,--,--,--,20082009,N,44,1,3,4
Nate Schmidt,WPG,L,D,1991-07-16,St. Cloud,MN,USA,USA,72,192,--,--,--,20132014,N,39,1,3,4
Jordan Schroeder,--,R,C,1990-09-29,Lakeville,MN,USA,USA,69,170,2009,1,22,20122013,N,25,3,5,8
Justin Schultz,SEA,R,D,1990-07-06,Kelowna,BC,CAN,CAN,74,190,2008,2,43,20122013,N,81,6,25,31
Nick Schultz,--,L,D,1982-08-25,Strasbourg,SK,CAN,CAN,73,203,2000,2,33,20012002,N,80,2,13,15
Jaden Schwartz,SEA,L,C,1992-06-25,Wilcox,SK,CAN,CAN,70,185,2010,1,14,20112012,N,75,28,35,63
John Scott,--,L,L,1982-09-26,Edmonton,AB,CAN,CAN,80,260,--,--,--,20082009,N,38,3,1,4
Rob Scuderi,--,L,D,1978-12-30,Syosset,NY,USA,USA,73,216,1998,5,134,20032004,N,82,1,9,10
Brent Seabrook,TBL,R,D,1985-04-20,Richmond,BC,CAN,CAN,75,220,2003,1,14,20052006,N,82,8,23,31
Daniel Sedin,--,L,L,1980-09-26,Ornskoldsvik,--,SWE,SWE,73,190,1999,1,2,20002001,Y,82,20,56,76
Henrik Sedin,--,L,C,1980-09-26,Ornskoldsvik,--,SWE,SWE,74,183,1999,1,3,20002001,Y,82,18,55,73
Tyler Seguin,DAL,R,C,1992-01-31,Brampton,ON,CAN,CAN,73,207,2010,1,2,20102011,N,71,37,40,77
Dennis Seidenberg,--,L,D,1981-07-18,Schwenningen,--,DEU,DEU,72,199,2001,6,172,20022003,N,82,3,11,14
Jiri Sekac,--,L,L,1992-06-10,Kladno,--,CZE,CZE,73,185,--,--,--,20142015,N,69,9,14,23
Andrej Sekera,--,L,D,1986-06-08,Bojnice,--,SVK,SVK,72,200,2004,3,71,20062007,N,73,3,20,23
Alexander Semin,--,R,R,1984-03-03,Krasnojarsk,--,RUS,RUS,74,211,2002,1,13,20032004,N,57,6,13,19
Tim Sestito,--,L,L,1984-08-28,Rome,NY,USA,USA,71,195,--,--,--,20082009,N,15,0,2,2
Devin Setoguchi,--,R,R,1987-01-01,Taber,AB,CAN,CAN,72,205,2005,1,8,20072008,N,12,0,0,0
Damon Severson,CBJ,R,D,1994-08-07,Melville,SK,CAN,CAN,74,202,2012,2,60,20142015,N,51,5,12,17
Patrick Sharp,--,R,L,1981-12-27,Winnipeg,MB,CAN,CAN,73,200,2001,3,95,20022003,N,68,16,27,43
Kevin Shattenkirk,BOS,R,D,1989-01-29,New Rochelle,NY,USA,USA,72,203,2007,1,14,20102011,N,56,8,36,44
Andrew Shaw,--,R,R,1991-07-20,Belleville,ON,CAN,CAN,71,182,2011,5,139,20112012,N,79,15,11,26
Riley Sheahan,--,L,C,1991-12-07,St. Catharines,ON,CAN,CAN,74,214,2010,1,21,20112012,N,79,13,23,36
James Sheppard,--,L,C,1988-04-25,Halifax,NS,CAN,CAN,73,215,2006,1,9,20072008,N,71,7,11,18
Brendan Shinnimin,--,L,C,1991-01-07,Winnipeg,MB,CAN,CAN,70,185,--,--,--,20142015,N,12,0,1,1
Drew Shore,--,R,C,1991-01-29,Denver,CO,USA,USA,74,209,2009,2,44,20122013,N,11,1,2,3
Nicholas Shore,--,R,C,1992-09-26,Denver,CO,USA,USA,73,198,2011,3,82,20142015,N,34,1,6,7
Jakob Silfverberg,ANA,R,R,1990-10-13,Gavle,--,SWE,SWE,73,207,2009,2,39,20122013,N,81,13,26,39
Zach Sill,--,L,C,1988-05-24,Truro,NS,CAN,CAN,72,214,--,--,--,20132014,N,63,1,3,4
Wayne Simmonds,--,R,R,1988-08-26,Scarborough,ON,CAN,CAN,74,184,2007,2,61,20082009,N,75,28,22,50
Mike Sislo,--,R,R,1988-01-20,Superior,WI,USA,USA,71,190,--,--,--,20132014,N,10,0,1,1
Jack Skille,--,R,R,1987-05-19,Madison,WI,USA,USA,73,216,2005,1,7,20072008,N,45,6,2,8
Jeff Skinner,BUF,L,L,1992-05-16,Toronto,ON,CAN,CAN,71,200,2010,1,7,20102011,N,77,18,13,31
Jim Slater,--,L,C,1982-12-09,Lapeer,MI,USA,USA,72,195,2002,1,30,20052006,N,82,5,8,13
Ladislav Smid,--,L,D,1986-02-01,Frydlant,--,CZE,CZE,76,210,2004,1,9,20062007,N,31,0,1,1
Ben Smith,--,R,R,1988-07-11,Winston-Salem,NC,USA,USA,71,203,2008,6,169,20102011,N,80,7,7,14
Brendan Smith,NJD,L,D,1989-02-08,Mimico,ON,CAN,CAN,74,200,2007,1,27,20112012,N,76,4,9,13
Craig Smith,DAL,R,C,1989-09-05,Madison,WI,USA,USA,73,203,2009,4,98,20112012,N,82,23,21,44
Reilly Smith,PIT,L,R,1991-04-01,Mimico,ON,CAN,CAN,73,185,2009,3,69,20112012,N,81,13,27,40
Trevor Smith,--,L,C,1985-02-08,Ottawa,ON,CAN,CAN,73,195,--,--,--,20082009,N,54,2,3,5
Zack Smith,--,L,C,1988-04-05,Maple Creek,SK,CAN,CAN,74,208,2008,3,79,20082009,N,37,2,1,3
Devante Smith-Pelly,--,R,R,1992-06-14,Scarborough,ON,CAN,CAN,72,223,2010,2,42,20112012,N,74,6,14,20
Carl Soderberg,--,L,C,1985-10-12,Malmo,--,SWE,SWE,75,210,2004,2,49,20122013,N,82,13,31,44
Nick Spaling,--,L,C,1988-09-19,Palmerston,ON,CAN,CAN,73,198,2007,2,58,20092010,N,82,9,18,27
Jason Spezza,--,R,C,1983-06-13,Toronto,ON,CAN,CAN,75,219,2001,1,2,20022003,N,82,17,45,62
Ryan Spooner,--,L,C,1992-01-30,Ottawa,ON,CAN,CAN,71,191,2010,2,45,20122013,N,29,8,10,18
Jared Spurgeon,MIN,R,D,1989-11-29,Edmonton,AB,CAN,CAN,69,166,2008,6,156,20102011,N,66,9,16,25
Martin St. Louis,--,L,R,1975-06-18,Laval,QC,CAN,CAN,68,180,--,--,--,19981999,Y,74,21,31,52
Eric Staal,--,L,C,1984-10-29,Thunder Bay,ON,CAN,CAN,76,195,2003,1,2,20032004,N,77,23,31,54
Jordan Staal,CAR,L,C,1988-09-10,Thunder Bay,ON,CAN,CAN,76,220,2006,1,2,20062007,N,46,6,18,24
Marc Staal,PHI,L,D,1987-01-13,Thunder Bay,ON,CAN,CAN,76,208,2005,1,12,20072008,N,80,5,15,20
Drew Stafford,--,R,R,1985-10-30,Milwaukee,WI,USA,USA,74,215,2004,1,13,20062007,N,76,18,25,43
Matt Stajan,--,L,C,1983-12-19,Mississauga,ON,CAN,CAN,73,195,2002,2,57,20022003,N,59,7,10,17
Viktor Stalberg,--,L,L,1986-01-17,Gothenburg,--,SWE,SWE,75,209,2006,6,161,20092010,N,25,2,8,10
Steven Stamkos,TBL,R,C,1990-02-07,Markham,ON,CAN,CAN,73,193,2008,1,1,20082009,N,82,43,29,72
Ryan Stanton,--,L,D,1989-07-20,St. Albert,AB,CAN,CAN,74,205,--,--,--,20122013,N,54,3,8,11
Paul Stastny,--,L,C,1985-12-27,Quebec City,QC,CAN,USA,72,193,2005,2,44,20062007,N,74,16,30,46
Alexander Steen,--,L,L,1984-03-01,Winnipeg,MB,CAN,SWE,72,211,2002,1,24,20052006,N,74,24,40,64
Lee Stempniak,--,R,R,1983-02-04,West Seneca,NY,USA,USA,71,195,2003,5,148,20052006,N,71,15,13,28
Derek Stepan,--,R,C,1990-06-18,Hastings,MN,USA,USA,71,196,2008,2,51,20102011,N,68,16,39,55
Chris Stewart,--,R,R,1987-10-30,Toronto,ON,CAN,CAN,74,242,2006,1,18,20082009,N,81,14,22,36
Jarret Stoll,--,R,C,1982-06-24,Melville,SK,CAN,CAN,73,216,2002,2,36,20022003,N,73,6,11,17
Karl Stollery,--,L,D,1987-11-21,Camrose,AB,CAN,CAN,71,180,--,--,--,20132014,N,10,0,0,0
Mark Stone,VGK,R,R,1992-05-13,Winnipeg,MB,CAN,CAN,75,212,2010,6,178,20122013,N,80,26,38,64
Michael Stone,--,R,D,1990-06-07,Winnipeg,MB,CAN,CAN,75,210,2008,3,69,20112012,N,81,3,15,18
Clayton Stoner,--,L,D,1985-02-19,Port McNeill,BC,CAN,CAN,76,216,2004,3,79,20092010,N,69,1,7,8
Tyson Strachan,--,R,D,1984-10-30,Melfort,SK,CAN,CAN,75,210,2003,5,137,20082009,N,46,0,5,5
Brian Strait,--,L,D,1988-01-04,Waltham,MA,USA,USA,73,206,2006,3,65,20102011,N,52,2,5,7
Anton Stralman,--,R,D,1986-08-01,Tibro,--,SWE,SWE,71,193,2005,7,216,20072008,N,82,9,30,39
Mark Streit,--,L,D,1977-12-11,Bern,--,CHE,CHE,71,186,2004,9,262,20052006,N,81,9,43,52
Ryan Strome,ANA,R,C,1993-07-11,Mississauga,ON,CAN,CAN,73,191,2011,1,5,20132014,N,81,17,33,50
Brad Stuart,--,L,D,1979-11-06,Rocky Mountain House,AB,CAN,CAN,74,215,1998,1,3,19992000,N,65,3,10,13
Mark Stuart,--,L,D,1984-04-27,Rochester,MN,USA,USA,74,215,2003,1,21,20052006,N,70,2,12,14
P.K. Subban,--,R,D,1989-05-13,Toronto,ON,CAN,CAN,72,210,2007,2,43,20092010,N,82,15,45,60
Chris Summers,--,L,D,1988-02-05,Ann Arbor,MI,USA,USA,74,207,2006,1,29,20102011,N,20,0,3,3
Andrej Sustr,--,R,D,1990-11-29,Plzen,--,CZE,CZE,79,217,--,--,--,20122013,N,72,0,13,13
Ryan Suter,DAL,L,D,1985-01-21,Madison,WI,USA,USA,73,201,2003,1,7,20052006,N,77,2,36,38
Brandon Sutter,--,R,C,1989-02-14,Huntington,NY,USA,CAN,75,188,2007,1,11,20082009,N,80,21,12,33
Max Talbot,--,L,C,1984-02-11,Lemoyne,QC,CAN,CAN,71,186,2002,8,234,20052006,N,81,5,13,18
Chris Tanev,DAL,R,D,1989-12-20,Toronto,ON,CAN,CAN,74,193,--,--,--,20102011,N,70,2,18,20
Alex Tanguay,--,L,L,1979-11-21,Ste-Justine,QC,CAN,CAN,73,194,1998,1,12,19992000,N,80,22,33,55
Vladimir Tarasenko,FLA,L,R,1991-12-13,Yaroslavl,--,RUS,RUS,73,219,2010,1,16,20122013,N,77,37,36,73
Tomas Tatar,SEA,L,L,1990-12-01,Ilava,--,SVK,SVK,70,173,2009,2,60,20102011,N,82,29,27,56
John Tavares,TOR,L,C,1990-09-20,Mississauga,ON,CAN,CAN,73,211,2009,1,1,20092010,N,82,38,48,86
Matt Tennyson,--,R,D,1990-04-23,Minneapolis,MN,USA,USA,74,205,--,--,--,20122013,N,27,2,6,8
Teuvo Teravainen,CAR,L,L,1994-09-11,Helsinki,--,FIN,FIN,71,191,2012,1,18,20132014,N,34,4,5,9
Chris Terry,--,L,L,1989-04-07,Brampton,ON,CAN,CAN,70,191,2007,5,132,20122013,N,57,11,9,20
Christian Thomas,--,R,L,1992-05-26,Toronto,ON,CAN,CAN,69,175,2010,2,40,20122013,N,18,1,0,1
Nate Thompson,--,L,C,1984-10-05,Anchorage,AK,USA,USA,73,205,2003,6,183,20062007,N,80,5,13,18
Chris Thorburn,--,R,R,1983-06-03,Sault Ste. Marie,ON,CAN,CAN,75,235,2001,2,50,20052006,N,81,7,7,14
Joe Thornton,--,L,C,1979-07-02,London,ON,CAN,CAN,76,220,1997,1,1,19971998,N,78,16,49,65
Shawn Thornton,--,R,L,1977-07-23,Oshawa,ON,CAN,CAN,74,217,1997,7,190,20022003,N,46,1,4,5
Chris Tierney,NJD,L,C,1994-07-01,Keswick,ON,CAN,CAN,73,191,2012,2,55,20142015,N,43,6,15,21
Kimmo Timonen,--,L,D,1975-03-18,Kuopio,--,FIN,FIN,70,194,1993,10,250,19981999,N,16,0,0,0
Jarred Tinordi,CHI,L,D,1992-02-20,Millersville,MD,USA,USA,78,229,2010,1,22,20122013,N,13,0,2,2
Jiri Tlusty,--,L,L,1988-03-16,Slany,--,CZE,CZE,72,205,2006,1,13,20072008,N,72,14,17,31
Jonathan Toews,--,L,C,1988-04-29,Winnipeg,MB,CAN,CAN,74,201,2006,1,3,20072008,N,81,28,38,66
Tyler Toffoli,WPG,R,C,1992-04-24,Scarborough,ON,CAN,CAN,72,203,2010,2,47,20122013,N,76,23,26,49
Jordin Tootoo,--,R,R,1983-02-02,Churchill,MB,CAN,CAN,69,195,2001,4,98,20032004,N,68,10,5,15
Vincent Trocheck,NYR,R,C,1993-07-11,Pittsburgh,PA,USA,USA,71,187,2011,3,64,20132014,N,50,7,15,22
Corey Tropp,--,R,R,1989-07-25,Grosse Pointe Woods,MI,USA,USA,72,192,2007,3,89,20112012,N,61,1,7,8
Zach Trotman,--,R,D,1990-08-26,Carmel,IN,USA,USA,75,217,2010,7,210,20132014,N,27,1,4,5
Jacob Trouba,NYR,R,D,1994-02-26,Rochester,MI,USA,USA,75,209,2012,1,9,20132014,N,65,7,15,22
Kyle Turris,--,R,C,1989-08-14,New Westminster,BC,CAN,CAN,73,190,2007,1,3,20072008,N,82,24,40,64
Fedor Tyutin,--,L,D,1983-07-19,Izhevsk,--,RUS,RUS,74,221,2001,2,40,20032004,N,67,3,12,15
R.J. Umberger,--,L,C,1982-05-03,Pittsburgh,PA,USA,USA,74,214,2001,1,16,20052006,N,67,9,6,15
Scottie Upshall,--,L,R,1983-10-07,Fort McMurray,AB,CAN,CAN,72,200,2002,1,6,20022003,N,63,8,7,15
James van Riemsdyk,BOS,L,L,1989-05-04,Middletown,NJ,USA,USA,75,208,2007,1,2,20092010,N,82,27,29,56
Trevor van Riemsdyk,WSH,R,D,1991-07-24,Middletown,NJ,USA,USA,75,191,--,--,--,20142015,N,18,0,1,1
Chris VandeVelde,--,L,C,1987-03-15,Moorhead,MN,USA,USA,74,190,2005,4,97,20102011,N,72,9,6,15
Thomas Vanek,--,R,L,1984-01-19,Vienna,--,AUT,AUT,74,214,2003,1,5,20052006,N,80,21,31,52
Phil Varone,--,L,C,1990-12-04,Vaughan,ON,CAN,CAN,70,193,2009,5,147,20132014,N,28,3,2,5
Sami Vatanen,--,R,D,1991-06-03,Jyväskylä,--,FIN,FIN,70,185,2009,4,106,20122013,N,67,12,25,37
Stephane Veilleux,--,L,L,1981-11-16,Beauceville,QC,CAN,CAN,73,200,2001,3,93,20022003,N,12,1,1,2
Antoine Vermette,--,L,C,1982-07-20,St. Agapit,QC,CAN,CAN,73,197,2000,2,55,20032004,N,82,13,25,38
Kris Versteeg,--,R,R,1986-05-13,Lethbridge,AB,CAN,CAN,71,176,2004,5,134,20072008,N,61,14,20,34
Linden Vey,--,R,R,1991-07-17,Wakaw,SK,CAN,CAN,72,189,2009,4,96,20132014,N,75,10,14,24
Lubomir Visnovsky,--,L,D,1976-08-11,Topolcany,--,SVK,SVK,70,192,2000,4,118,20002001,N,53,5,15,20
Joe Vitale,--,R,C,1985-08-20,St. Louis,MO,USA,USA,71,205,2005,7,195,20102011,N,70,3,6,9
Marc-Edouard Vlasic,SJS,L,D,1987-03-30,Montréal,QC,CAN,CAN,73,205,2005,2,35,20062007,N,70,9,14,23
Anton Volchenkov,--,L,D,1982-02-25,Moscow,--,RUS,RUS,73,220,2000,1,21,20022003,N,46,0,7,7
Jakub Voracek,ARI,L,R,1989-08-15,Kladno,--,CZE,CZE,74,216,2007,1,7,20082009,N,82,22,59,81
Radim Vrbata,--,R,R,1981-06-13,Mlada Boleslav,--,CZE,CZE,73,194,1999,7,212,20012002,N,79,31,32,63
Joel Ward,--,R,R,1980-12-02,North York,ON,CAN,CAN,73,225,--,--,--,20062007,N,82,19,15,34
Mike Weaver,--,R,D,1978-05-02,Brampton,ON,CAN,CAN,70,186,--,--,--,20012002,N,31,0,4,4
Mike Weber,--,L,D,1987-12-16,Pittsburgh,PA,USA,USA,74,217,2006,2,57,20072008,N,64,1,6,7
Shea Weber,ARI,R,D,1985-08-14,Sicamous,BC,CAN,CAN,76,230,2003,2,49,20052006,N,78,15,30,45
Yannick Weber,--,R,D,1988-09-23,Morges,--,CHE,CHE,71,200,2007,3,73,20082009,N,65,11,10,21
Dale Weise,--,R,R,1988-08-05,Winnipeg,MB,CAN,CAN,74,196,2008,4,111,20102011,N,79,10,19,29
Stephen Weiss,--,L,C,1983-04-03,Toronto,ON,CAN,CAN,71,190,2001,1,4,20012002,N,52,9,16,25
Alexander Wennberg,NYR,L,C,1994-09-22,Stockholm,--,SWE,SWE,74,190,2013,1,14,20142015,N,68,4,16,20
Blake Wheeler,NYR,R,R,1986-08-31,Plymouth,MN,USA,USA,77,222,2004,1,5,20082009,N,79,26,35,61
Ryan White,--,R,C,1988-03-17,Brandon,MB,CAN,CAN,72,200,2006,3,66,20092010,N,34,6,6,12
Dennis Wideman,--,R,D,1983-03-20,Kitchener,ON,CAN,CAN,72,202,2002,8,241,20052006,N,80,15,41,56
Patrick Wiercioch,--,L,D,1990-09-12,Burnaby,BC,CAN,CAN,77,202,2008,2,42,20102011,N,56,3,10,13
Justin Williams,--,R,R,1981-10-04,Cobourg,ON,CAN,CAN,73,184,2000,1,28,20002001,N,81,18,23,41
Colin Wilson,--,L,C,1989-10-20,Greenwich,CT,USA,USA,73,215,2008,1,7,20092010,N,77,20,22,42
Tom Wilson,WSH,R,R,1994-03-29,Toronto,ON,CAN,CAN,76,220,2012,1,16,20132014,N,67,4,13,17
Tommy Wingels,--,R,C,1988-04-12,Evanston,IL,USA,USA,72,200,2008,6,177,20102011,N,75,15,21,36
Daniel Winnik,--,L,L,1985-03-06,Toronto,ON,CAN,CAN,74,210,2004,9,265,20072008,N,79,9,25,34
James Wisniewski,--,R,D,1984-02-21,Canton,MI,USA,USA,71,203,2002,5,156,20052006,N,69,8,26,34
Luke Witkowski,--,R,D,1990-04-14,Holland,MI,USA,USA,74,210,2008,6,160,20142015,N,16,0,0,0
Nail Yakupov,--,L,R,1993-10-06,Nizhnekamsk,--,RUS,RUS,71,195,2012,1,1,20122013,N,81,14,19,33
Keith Yandle,--,L,D,1986-09-09,Boston,MA,USA,USA,73,192,2005,4,105,20062007,N,84,6,46,52
Nikita Zadorov,VAN,L,D,1995-04-16,Moscow,--,RUS,RUS,78,248,2013,1,16,20132014,N,60,3,12,15
Travis Zajac,--,R,C,1985-05-13,Winnipeg,MB,CAN,CAN,74,185,2004,1,20,20062007,N,74,11,14,25
Henrik Zetterberg,--,L,C,1980-10-09,Njurunda,--,SWE,SWE,72,197,1999,7,210,20022003,N,77,17,49,66
Mika Zibanejad,NYR,R,C,1993-04-18,Stockholm,--,SWE,SWE,74,201,2011,1,6,20112012,N,80,20,26,46
Marek Zidlicky,--,R,D,1977-02-03,Most,--,CZE,CZE,71,190,2001,6,176,20032004,N,84,7,27,34
Dainius Zubrus,--,L,C,1978-06-16,Elektrenai,--,LTU,LTU,77,225,1996,1,15,19961997,N,74,4,6,10
Mats Zuccarello,MIN,L,R,1987-09-01,Oslo,--,NOR,NOR,68,181,--,--,--,20102011,N,78,15,34,49
Jason Zucker,NSH,L,L,1992-01-16,Newport Beach,CA,USA,USA,71,192,2010,2,59,20112012,N,51,21,5,26
